[
    {
       "model":"admin.logentry",
       "pk":1,
       "fields":{
          "action_time":"2022-03-26T12:39:08.339Z",
          "user":1,
          "content_type":14,
          "object_id":"8",
          "object_repr":"Mwnt",
          "action_flag":1,
          "change_message":"[{\"added\": {}}]"
       }
    },
    {
       "model":"admin.logentry",
       "pk":2,
       "fields":{
          "action_time":"2022-03-26T12:40:13.102Z",
          "user":1,
          "content_type":14,
          "object_id":"9",
          "object_repr":"Blue Shed",
          "action_flag":1,
          "change_message":"[{\"added\": {}}]"
       }
    },
    {
       "model":"admin.logentry",
       "pk":3,
       "fields":{
          "action_time":"2022-03-26T12:41:12.184Z",
          "user":1,
          "content_type":14,
          "object_id":"10",
          "object_repr":"Newport - Parrog",
          "action_flag":1,
          "change_message":"[{\"added\": {}}]"
       }
    },
    {
       "model":"admin.logentry",
       "pk":4,
       "fields":{
          "action_time":"2022-03-26T12:42:02.957Z",
          "user":1,
          "content_type":14,
          "object_id":"11",
          "object_repr":"Gateway to the Sea - Druidstone",
          "action_flag":1,
          "change_message":"[{\"added\": {}}]"
       }
    },
    {
       "model":"admin.logentry",
       "pk":5,
       "fields":{
          "action_time":"2022-03-26T12:42:45.731Z",
          "user":1,
          "content_type":14,
          "object_id":"12",
          "object_repr":"Three Boats on a Blue Sea - Pembrokeshire",
          "action_flag":1,
          "change_message":"[{\"added\": {}}]"
       }
    },
    {
       "model":"admin.logentry",
       "pk":6,
       "fields":{
          "action_time":"2022-03-26T12:43:30.889Z",
          "user":1,
          "content_type":14,
          "object_id":"13",
          "object_repr":"Green Boat in the Reeds",
          "action_flag":1,
          "change_message":"[{\"added\": {}}]"
       }
    },
    {
       "model":"admin.logentry",
       "pk":7,
       "fields":{
          "action_time":"2022-03-26T12:44:34.228Z",
          "user":1,
          "content_type":14,
          "object_id":"14",
          "object_repr":"Barafundle Through the Arch",
          "action_flag":1,
          "change_message":"[{\"added\": {}}]"
       }
    },
    {
       "model":"admin.logentry",
       "pk":8,
       "fields":{
          "action_time":"2022-03-26T12:47:03.096Z",
          "user":1,
          "content_type":14,
          "object_id":"1",
          "object_repr":"Surfers",
          "action_flag":2,
          "change_message":"[{\"changed\": {\"fields\": [\"Sku\"]}}]"
       }
    },
    {
       "model":"admin.logentry",
       "pk":9,
       "fields":{
          "action_time":"2022-03-26T12:47:18.305Z",
          "user":1,
          "content_type":14,
          "object_id":"2",
          "object_repr":"Surfers II",
          "action_flag":2,
          "change_message":"[{\"changed\": {\"fields\": [\"Sku\"]}}]"
       }
    },
    {
       "model":"admin.logentry",
       "pk":10,
       "fields":{
          "action_time":"2022-03-26T12:47:39.929Z",
          "user":1,
          "content_type":14,
          "object_id":"3",
          "object_repr":"A Surfer Reflects",
          "action_flag":2,
          "change_message":"[{\"changed\": {\"fields\": [\"Sku\", \"Name\", \"Description\"]}}]"
       }
    },
    {
       "model":"admin.logentry",
       "pk":11,
       "fields":{
          "action_time":"2022-03-26T12:47:59.744Z",
          "user":1,
          "content_type":14,
          "object_id":"4",
          "object_repr":"Surfing by St Davids Head",
          "action_flag":2,
          "change_message":"[{\"changed\": {\"fields\": [\"Sku\"]}}]"
       }
    },
    {
       "model":"admin.logentry",
       "pk":12,
       "fields":{
          "action_time":"2022-03-26T12:48:24.548Z",
          "user":1,
          "content_type":14,
          "object_id":"5",
          "object_repr":"Urban Surfer",
          "action_flag":2,
          "change_message":"[{\"changed\": {\"fields\": [\"Sku\"]}}]"
       }
    },
    {
       "model":"admin.logentry",
       "pk":13,
       "fields":{
          "action_time":"2022-03-26T12:48:36.185Z",
          "user":1,
          "content_type":14,
          "object_id":"6",
          "object_repr":"Surfer and the Sunset",
          "action_flag":2,
          "change_message":"[{\"changed\": {\"fields\": [\"Sku\"]}}]"
       }
    },
    {
       "model":"admin.logentry",
       "pk":14,
       "fields":{
          "action_time":"2022-03-26T12:48:53.017Z",
          "user":1,
          "content_type":14,
          "object_id":"7",
          "object_repr":"Sunset Surfers",
          "action_flag":2,
          "change_message":"[{\"changed\": {\"fields\": [\"Sku\"]}}]"
       }
    },
    {
       "model":"admin.logentry",
       "pk":15,
       "fields":{
          "action_time":"2022-03-26T12:52:22.898Z",
          "user":1,
          "content_type":14,
          "object_id":"13",
          "object_repr":"Green Boat in the Reeds",
          "action_flag":2,
          "change_message":"[{\"changed\": {\"fields\": [\"Description\"]}}]"
       }
    },
    {
       "model":"admin.logentry",
       "pk":16,
       "fields":{
          "action_time":"2022-03-26T12:52:39.488Z",
          "user":1,
          "content_type":14,
          "object_id":"9",
          "object_repr":"Blue Shed",
          "action_flag":2,
          "change_message":"[{\"changed\": {\"fields\": [\"Description\"]}}]"
       }
    },
    {
       "model":"admin.logentry",
       "pk":17,
       "fields":{
          "action_time":"2022-03-26T12:52:45.267Z",
          "user":1,
          "content_type":14,
          "object_id":"10",
          "object_repr":"Newport - Parrog",
          "action_flag":2,
          "change_message":"[{\"changed\": {\"fields\": [\"Description\"]}}]"
       }
    },
    {
       "model":"admin.logentry",
       "pk":18,
       "fields":{
          "action_time":"2022-03-26T12:52:50.692Z",
          "user":1,
          "content_type":14,
          "object_id":"11",
          "object_repr":"Gateway to the Sea - Druidstone",
          "action_flag":2,
          "change_message":"[{\"changed\": {\"fields\": [\"Description\"]}}]"
       }
    },
    {
       "model":"admin.logentry",
       "pk":19,
       "fields":{
          "action_time":"2022-03-26T12:52:56.542Z",
          "user":1,
          "content_type":14,
          "object_id":"12",
          "object_repr":"Three Boats on a Blue Sea - Pembrokeshire",
          "action_flag":2,
          "change_message":"[{\"changed\": {\"fields\": [\"Description\"]}}]"
       }
    },
    {
       "model":"admin.logentry",
       "pk":20,
       "fields":{
          "action_time":"2022-03-26T12:55:53.319Z",
          "user":1,
          "content_type":14,
          "object_id":"15",
          "object_repr":"Pembrokeshire One",
          "action_flag":1,
          "change_message":"[{\"added\": {}}]"
       }
    },
    {
       "model":"admin.logentry",
       "pk":21,
       "fields":{
          "action_time":"2022-03-26T12:56:37.585Z",
          "user":1,
          "content_type":14,
          "object_id":"16",
          "object_repr":"Pembrokeshire Two",
          "action_flag":1,
          "change_message":"[{\"added\": {}}]"
       }
    },
    {
       "model":"admin.logentry",
       "pk":22,
       "fields":{
          "action_time":"2022-03-26T12:57:26.618Z",
          "user":1,
          "content_type":14,
          "object_id":"17",
          "object_repr":"Tenby",
          "action_flag":1,
          "change_message":"[{\"added\": {}}]"
       }
    },
    {
       "model":"admin.logentry",
       "pk":23,
       "fields":{
          "action_time":"2022-03-26T12:58:06.985Z",
          "user":1,
          "content_type":14,
          "object_id":"18",
          "object_repr":"Dale and Marloes",
          "action_flag":1,
          "change_message":"[{\"added\": {}}]"
       }
    },
    {
       "model":"admin.logentry",
       "pk":24,
       "fields":{
          "action_time":"2022-03-26T12:58:48.657Z",
          "user":1,
          "content_type":14,
          "object_id":"19",
          "object_repr":"Saundersfoot",
          "action_flag":1,
          "change_message":"[{\"added\": {}}]"
       }
    },
    {
       "model":"admin.logentry",
       "pk":25,
       "fields":{
          "action_time":"2022-03-26T12:59:35.876Z",
          "user":1,
          "content_type":14,
          "object_id":"20",
          "object_repr":"Seaside",
          "action_flag":1,
          "change_message":"[{\"added\": {}}]"
       }
    },
    {
       "model":"admin.logentry",
       "pk":26,
       "fields":{
          "action_time":"2022-03-26T13:01:06.588Z",
          "user":1,
          "content_type":14,
          "object_id":"21",
          "object_repr":"Newgale - Light",
          "action_flag":1,
          "change_message":"[{\"added\": {}}]"
       }
    },
    {
       "model":"admin.logentry",
       "pk":27,
       "fields":{
          "action_time":"2022-03-26T13:02:04.933Z",
          "user":1,
          "content_type":14,
          "object_id":"22",
          "object_repr":"Barafundle",
          "action_flag":1,
          "change_message":"[{\"added\": {}}]"
       }
    },
    {
       "model":"admin.logentry",
       "pk":28,
       "fields":{
          "action_time":"2022-03-26T13:03:00.958Z",
          "user":1,
          "content_type":14,
          "object_id":"23",
          "object_repr":"Nolton Haven",
          "action_flag":1,
          "change_message":"[{\"added\": {}}]"
       }
    },
    {
       "model":"admin.logentry",
       "pk":29,
       "fields":{
          "action_time":"2022-03-26T13:03:50.409Z",
          "user":1,
          "content_type":14,
          "object_id":"24",
          "object_repr":"Sea Horses",
          "action_flag":1,
          "change_message":"[{\"added\": {}}]"
       }
    },
    {
       "model":"admin.logentry",
       "pk":30,
       "fields":{
          "action_time":"2022-03-26T13:04:33.935Z",
          "user":1,
          "content_type":14,
          "object_id":"25",
          "object_repr":"Pathway of Light",
          "action_flag":1,
          "change_message":"[{\"added\": {}}]"
       }
    },
    {
       "model":"admin.logentry",
       "pk":31,
       "fields":{
          "action_time":"2022-03-26T13:05:18.713Z",
          "user":1,
          "content_type":14,
          "object_id":"26",
          "object_repr":"Broad Haven South",
          "action_flag":1,
          "change_message":"[{\"added\": {}}]"
       }
    },
    {
       "model":"admin.logentry",
       "pk":32,
       "fields":{
          "action_time":"2022-03-26T13:05:54.482Z",
          "user":1,
          "content_type":14,
          "object_id":"27",
          "object_repr":"View Through the Grass",
          "action_flag":1,
          "change_message":"[{\"added\": {}}]"
       }
    },
    {
       "model":"admin.logentry",
       "pk":33,
       "fields":{
          "action_time":"2022-03-26T13:06:32.077Z",
          "user":1,
          "content_type":14,
          "object_id":"28",
          "object_repr":"Storm Sky above Abereiddi",
          "action_flag":1,
          "change_message":"[{\"added\": {}}]"
       }
    },
    {
       "model":"admin.logentry",
       "pk":34,
       "fields":{
          "action_time":"2022-03-26T15:09:00.634Z",
          "user":1,
          "content_type":14,
          "object_id":"29",
          "object_repr":"One Afternoon in February - Nolton Haven",
          "action_flag":1,
          "change_message":"[{\"added\": {}}]"
       }
    },
    {
       "model":"admin.logentry",
       "pk":35,
       "fields":{
          "action_time":"2022-03-26T15:09:49.678Z",
          "user":1,
          "content_type":14,
          "object_id":"30",
          "object_repr":"Wave Breaks on the Shore at Marloes",
          "action_flag":1,
          "change_message":"[{\"added\": {}}]"
       }
    },
    {
       "model":"admin.logentry",
       "pk":36,
       "fields":{
          "action_time":"2022-03-26T15:10:22.390Z",
          "user":1,
          "content_type":14,
          "object_id":"31",
          "object_repr":"Newgale - Cave with a View",
          "action_flag":1,
          "change_message":"[{\"added\": {}}]"
       }
    },
    {
       "model":"admin.logentry",
       "pk":37,
       "fields":{
          "action_time":"2022-03-26T15:10:55.128Z",
          "user":1,
          "content_type":14,
          "object_id":"32",
          "object_repr":"Solva Creek",
          "action_flag":1,
          "change_message":"[{\"added\": {}}]"
       }
    },
    {
       "model":"admin.logentry",
       "pk":38,
       "fields":{
          "action_time":"2022-03-26T15:11:29.680Z",
          "user":1,
          "content_type":14,
          "object_id":"33",
          "object_repr":"Solva Sunset",
          "action_flag":1,
          "change_message":"[{\"added\": {}}]"
       }
    },
    {
       "model":"admin.logentry",
       "pk":39,
       "fields":{
          "action_time":"2022-03-26T15:12:06.919Z",
          "user":1,
          "content_type":14,
          "object_id":"34",
          "object_repr":"One April Afternoon at Manorbier",
          "action_flag":1,
          "change_message":"[{\"added\": {}}]"
       }
    },
    {
       "model":"admin.logentry",
       "pk":40,
       "fields":{
          "action_time":"2022-03-26T15:12:42.145Z",
          "user":1,
          "content_type":14,
          "object_id":"35",
          "object_repr":"West Angle Bay",
          "action_flag":1,
          "change_message":"[{\"added\": {}}]"
       }
    },
    {
       "model":"admin.logentry",
       "pk":41,
       "fields":{
          "action_time":"2022-03-26T15:13:15.681Z",
          "user":1,
          "content_type":14,
          "object_id":"36",
          "object_repr":"Island in the Mist",
          "action_flag":1,
          "change_message":"[{\"added\": {}}]"
       }
    },
    {
       "model":"admin.logentry",
       "pk":42,
       "fields":{
          "action_time":"2022-03-26T15:14:00.295Z",
          "user":1,
          "content_type":14,
          "object_id":"37",
          "object_repr":"Abereiddi - Before the Storm",
          "action_flag":1,
          "change_message":"[{\"added\": {}}]"
       }
    },
    {
       "model":"admin.logentry",
       "pk":43,
       "fields":{
          "action_time":"2022-03-26T15:14:49.357Z",
          "user":1,
          "content_type":14,
          "object_id":"38",
          "object_repr":"Early Evening Light - Whitesands",
          "action_flag":1,
          "change_message":"[{\"added\": {}}]"
       }
    },
    {
       "model":"admin.logentry",
       "pk":44,
       "fields":{
          "action_time":"2022-03-26T15:15:26.061Z",
          "user":1,
          "content_type":14,
          "object_id":"39",
          "object_repr":"Whitesands - Gold",
          "action_flag":1,
          "change_message":"[{\"added\": {}}]"
       }
    },
    {
       "model":"admin.logentry",
       "pk":45,
       "fields":{
          "action_time":"2022-03-26T15:16:02.373Z",
          "user":1,
          "content_type":14,
          "object_id":"40",
          "object_repr":"Whitesands - Rocks and Pools",
          "action_flag":1,
          "change_message":"[{\"added\": {}}]"
       }
    },
    {
       "model":"admin.logentry",
       "pk":46,
       "fields":{
          "action_time":"2022-03-26T15:16:47.592Z",
          "user":1,
          "content_type":14,
          "object_id":"41",
          "object_repr":"Patterns - Whitesands",
          "action_flag":1,
          "change_message":"[{\"added\": {}}]"
       }
    },
    {
       "model":"admin.logentry",
       "pk":47,
       "fields":{
          "action_time":"2022-03-26T15:17:28.013Z",
          "user":1,
          "content_type":14,
          "object_id":"42",
          "object_repr":"Midsummer Mist",
          "action_flag":1,
          "change_message":"[{\"added\": {}}]"
       }
    },
    {
       "model":"admin.logentry",
       "pk":48,
       "fields":{
          "action_time":"2022-03-26T15:18:06.664Z",
          "user":1,
          "content_type":14,
          "object_id":"43",
          "object_repr":"Sunlines - Whitesands",
          "action_flag":1,
          "change_message":"[{\"added\": {}}]"
       }
    },
    {
       "model":"admin.logentry",
       "pk":49,
       "fields":{
          "action_time":"2022-03-26T15:18:43.655Z",
          "user":1,
          "content_type":14,
          "object_id":"44",
          "object_repr":"Winter Sunset - Whitesands",
          "action_flag":1,
          "change_message":"[{\"added\": {}}]"
       }
    },
    {
       "model":"admin.logentry",
       "pk":50,
       "fields":{
          "action_time":"2022-03-26T15:19:24.144Z",
          "user":1,
          "content_type":14,
          "object_id":"45",
          "object_repr":"Golden Path Over Sea and Sand",
          "action_flag":1,
          "change_message":"[{\"added\": {}}]"
       }
    },
    {
       "model":"admin.logentry",
       "pk":51,
       "fields":{
          "action_time":"2022-03-26T15:20:12.010Z",
          "user":1,
          "content_type":14,
          "object_id":"46",
          "object_repr":"One Evening in June on Whitesands",
          "action_flag":1,
          "change_message":"[{\"added\": {}}]"
       }
    },
    {
       "model":"admin.logentry",
       "pk":52,
       "fields":{
          "action_time":"2022-03-26T15:21:18.380Z",
          "user":1,
          "content_type":14,
          "object_id":"47",
          "object_repr":"Dove - Detail from Stained Glass Window",
          "action_flag":1,
          "change_message":"[{\"added\": {}}]"
       }
    },
    {
       "model":"admin.logentry",
       "pk":53,
       "fields":{
          "action_time":"2022-03-26T15:21:59.093Z",
          "user":1,
          "content_type":14,
          "object_id":"48",
          "object_repr":"Female Stone Head - East End",
          "action_flag":1,
          "change_message":"[{\"added\": {}}]"
       }
    },
    {
       "model":"admin.logentry",
       "pk":54,
       "fields":{
          "action_time":"2022-03-26T15:22:52.308Z",
          "user":1,
          "content_type":14,
          "object_id":"49",
          "object_repr":"Panel detail from a window in the Thomas Becket Chapel",
          "action_flag":1,
          "change_message":"[{\"added\": {}}]"
       }
    },
    {
       "model":"admin.logentry",
       "pk":55,
       "fields":{
          "action_time":"2022-03-26T15:23:32.239Z",
          "user":1,
          "content_type":14,
          "object_id":"50",
          "object_repr":"Stained Glass Window St Davids Cathedral (L)",
          "action_flag":1,
          "change_message":"[{\"added\": {}}]"
       }
    },
    {
       "model":"admin.logentry",
       "pk":56,
       "fields":{
          "action_time":"2022-03-26T15:24:15.215Z",
          "user":1,
          "content_type":14,
          "object_id":"51",
          "object_repr":"MARTYRED - Detail from Stained Glass Window in the Thomas Becket Chapel",
          "action_flag":1,
          "change_message":"[{\"added\": {}}]"
       }
    },
    {
       "model":"admin.logentry",
       "pk":57,
       "fields":{
          "action_time":"2022-03-26T15:24:52.426Z",
          "user":1,
          "content_type":14,
          "object_id":"52",
          "object_repr":"Tower Lantern",
          "action_flag":1,
          "change_message":"[{\"added\": {}}]"
       }
    },
    {
       "model":"admin.logentry",
       "pk":58,
       "fields":{
          "action_time":"2022-03-26T15:25:32.744Z",
          "user":1,
          "content_type":14,
          "object_id":"53",
          "object_repr":"Detail from window in Thomas Becket Chapel",
          "action_flag":1,
          "change_message":"[{\"added\": {}}]"
       }
    },
    {
       "model":"admin.logentry",
       "pk":59,
       "fields":{
          "action_time":"2022-03-26T15:26:15.357Z",
          "user":1,
          "content_type":14,
          "object_id":"54",
          "object_repr":"Basil Jones - Bishop of St Davids 1874-97",
          "action_flag":1,
          "change_message":"[{\"added\": {}}]"
       }
    },
    {
       "model":"admin.logentry",
       "pk":60,
       "fields":{
          "action_time":"2022-03-26T15:26:56.141Z",
          "user":1,
          "content_type":14,
          "object_id":"55",
          "object_repr":"Lily and Rose - Detail from Stained Glass Window",
          "action_flag":1,
          "change_message":"[{\"added\": {}}]"
       }
    },
    {
       "model":"admin.logentry",
       "pk":61,
       "fields":{
          "action_time":"2022-03-26T15:27:33.271Z",
          "user":1,
          "content_type":14,
          "object_id":"56",
          "object_repr":"Stained Glass Window St Davids Cathedral (R)",
          "action_flag":1,
          "change_message":"[{\"added\": {}}]"
       }
    },
    {
       "model":"admin.logentry",
       "pk":62,
       "fields":{
          "action_time":"2022-03-26T15:28:09.638Z",
          "user":1,
          "content_type":14,
          "object_id":"57",
          "object_repr":"Lion of St Mark - The Screen",
          "action_flag":1,
          "change_message":"[{\"added\": {}}]"
       }
    },
    {
       "model":"admin.logentry",
       "pk":63,
       "fields":{
          "action_time":"2022-03-26T15:28:44.307Z",
          "user":1,
          "content_type":14,
          "object_id":"58",
          "object_repr":"Madonna and Child - Detail from the Lady Chapel Window",
          "action_flag":1,
          "change_message":"[{\"added\": {}}]"
       }
    },
    {
       "model":"admin.logentry",
       "pk":64,
       "fields":{
          "action_time":"2022-03-26T15:29:35.412Z",
          "user":1,
          "content_type":14,
          "object_id":"59",
          "object_repr":"Grape and Vine Leaves - Detail from Stained Glass Window",
          "action_flag":1,
          "change_message":"[{\"added\": {}}]"
       }
    },
    {
       "model":"admin.logentry",
       "pk":65,
       "fields":{
          "action_time":"2022-03-26T15:30:19.521Z",
          "user":1,
          "content_type":14,
          "object_id":"60",
          "object_repr":"Organ Pipes",
          "action_flag":1,
          "change_message":"[{\"added\": {}}]"
       }
    },
    {
       "model":"admin.logentry",
       "pk":66,
       "fields":{
          "action_time":"2022-03-26T15:31:24.548Z",
          "user":1,
          "content_type":14,
          "object_id":"61",
          "object_repr":"Male Stone Head - East End",
          "action_flag":1,
          "change_message":"[{\"added\": {}}]"
       }
    },
    {
       "model":"admin.logentry",
       "pk":67,
       "fields":{
          "action_time":"2022-03-26T15:32:02.222Z",
          "user":1,
          "content_type":14,
          "object_id":"62",
          "object_repr":"The Lady Chapel Stained Glass Window",
          "action_flag":1,
          "change_message":"[{\"added\": {}}]"
       }
    },
    {
       "model":"admin.logentry",
       "pk":68,
       "fields":{
          "action_time":"2022-03-26T15:32:45.741Z",
          "user":1,
          "content_type":14,
          "object_id":"63",
          "object_repr":"Detail - Stained Glass Window St Thomas Becket Chapel",
          "action_flag":1,
          "change_message":"[{\"added\": {}}]"
       }
    },
    {
       "model":"admin.logentry",
       "pk":69,
       "fields":{
          "action_time":"2022-03-26T15:33:20.759Z",
          "user":1,
          "content_type":14,
          "object_id":"64",
          "object_repr":"Inner Arch of the Screen",
          "action_flag":1,
          "change_message":"[{\"added\": {}}]"
       }
    },
    {
       "model":"admin.logentry",
       "pk":70,
       "fields":{
          "action_time":"2022-03-26T15:34:15.073Z",
          "user":1,
          "content_type":14,
          "object_id":"65",
          "object_repr":"Four Musicians from a window in the Lady Chapel",
          "action_flag":1,
          "change_message":"[{\"added\": {}}]"
       }
    },
    {
       "model":"admin.logentry",
       "pk":71,
       "fields":{
          "action_time":"2022-03-27T10:20:11.289Z",
          "user":1,
          "content_type":14,
          "object_id":"1",
          "object_repr":"Surfers",
          "action_flag":2,
          "change_message":"[{\"changed\": {\"fields\": [\"Image\"]}}]"
       }
    },
    {
       "model":"admin.logentry",
       "pk":72,
       "fields":{
          "action_time":"2022-03-27T10:23:02.725Z",
          "user":1,
          "content_type":14,
          "object_id":"2",
          "object_repr":"Surfers II",
          "action_flag":2,
          "change_message":"[{\"changed\": {\"fields\": [\"Image\"]}}]"
       }
    },
    {
       "model":"admin.logentry",
       "pk":73,
       "fields":{
          "action_time":"2022-03-27T10:23:16.155Z",
          "user":1,
          "content_type":14,
          "object_id":"3",
          "object_repr":"A Surfer Reflects",
          "action_flag":2,
          "change_message":"[{\"changed\": {\"fields\": [\"Image\"]}}]"
       }
    },
    {
       "model":"admin.logentry",
       "pk":74,
       "fields":{
          "action_time":"2022-03-27T10:23:28.986Z",
          "user":1,
          "content_type":14,
          "object_id":"4",
          "object_repr":"Surfing by St Davids Head",
          "action_flag":2,
          "change_message":"[{\"changed\": {\"fields\": [\"Image\"]}}]"
       }
    },
    {
       "model":"admin.logentry",
       "pk":75,
       "fields":{
          "action_time":"2022-03-27T10:23:41.114Z",
          "user":1,
          "content_type":14,
          "object_id":"5",
          "object_repr":"Urban Surfer",
          "action_flag":2,
          "change_message":"[{\"changed\": {\"fields\": [\"Image\"]}}]"
       }
    },
    {
       "model":"admin.logentry",
       "pk":76,
       "fields":{
          "action_time":"2022-03-27T10:23:53.436Z",
          "user":1,
          "content_type":14,
          "object_id":"6",
          "object_repr":"Surfer and the Sunset",
          "action_flag":2,
          "change_message":"[{\"changed\": {\"fields\": [\"Image\"]}}]"
       }
    },
    {
       "model":"admin.logentry",
       "pk":77,
       "fields":{
          "action_time":"2022-03-27T10:24:04.753Z",
          "user":1,
          "content_type":14,
          "object_id":"7",
          "object_repr":"Sunset Surfers",
          "action_flag":2,
          "change_message":"[{\"changed\": {\"fields\": [\"Image\"]}}]"
       }
    },
    {
       "model":"admin.logentry",
       "pk":78,
       "fields":{
          "action_time":"2022-03-27T10:28:09.696Z",
          "user":1,
          "content_type":14,
          "object_id":"1",
          "object_repr":"Surfers",
          "action_flag":2,
          "change_message":"[{\"changed\": {\"fields\": [\"Image\"]}}]"
       }
    },
    {
       "model":"admin.logentry",
       "pk":79,
       "fields":{
          "action_time":"2022-03-27T10:28:19.282Z",
          "user":1,
          "content_type":14,
          "object_id":"2",
          "object_repr":"Surfers II",
          "action_flag":2,
          "change_message":"[{\"changed\": {\"fields\": [\"Image\"]}}]"
       }
    },
    {
       "model":"admin.logentry",
       "pk":80,
       "fields":{
          "action_time":"2022-03-27T10:28:28.782Z",
          "user":1,
          "content_type":14,
          "object_id":"3",
          "object_repr":"A Surfer Reflects",
          "action_flag":2,
          "change_message":"[{\"changed\": {\"fields\": [\"Image\"]}}]"
       }
    },
    {
       "model":"admin.logentry",
       "pk":81,
       "fields":{
          "action_time":"2022-03-27T10:28:38.967Z",
          "user":1,
          "content_type":14,
          "object_id":"4",
          "object_repr":"Surfing by St Davids Head",
          "action_flag":2,
          "change_message":"[{\"changed\": {\"fields\": [\"Image\"]}}]"
       }
    },
    {
       "model":"admin.logentry",
       "pk":82,
       "fields":{
          "action_time":"2022-03-27T10:28:48.768Z",
          "user":1,
          "content_type":14,
          "object_id":"5",
          "object_repr":"Urban Surfer",
          "action_flag":2,
          "change_message":"[{\"changed\": {\"fields\": [\"Image\"]}}]"
       }
    },
    {
       "model":"admin.logentry",
       "pk":83,
       "fields":{
          "action_time":"2022-03-27T10:29:00.990Z",
          "user":1,
          "content_type":14,
          "object_id":"6",
          "object_repr":"Surfer and the Sunset",
          "action_flag":2,
          "change_message":"[{\"changed\": {\"fields\": [\"Image\"]}}]"
       }
    },
    {
       "model":"admin.logentry",
       "pk":84,
       "fields":{
          "action_time":"2022-03-27T10:29:09.228Z",
          "user":1,
          "content_type":14,
          "object_id":"7",
          "object_repr":"Sunset Surfers",
          "action_flag":2,
          "change_message":"[{\"changed\": {\"fields\": [\"Image\"]}}]"
       }
    },
    {
       "model":"admin.logentry",
       "pk":85,
       "fields":{
          "action_time":"2022-03-27T10:34:24.635Z",
          "user":1,
          "content_type":14,
          "object_id":"1",
          "object_repr":"Surfers",
          "action_flag":2,
          "change_message":"[{\"changed\": {\"fields\": [\"Image\"]}}]"
       }
    },
    {
       "model":"admin.logentry",
       "pk":86,
       "fields":{
          "action_time":"2022-03-27T10:34:32.668Z",
          "user":1,
          "content_type":14,
          "object_id":"2",
          "object_repr":"Surfers II",
          "action_flag":2,
          "change_message":"[{\"changed\": {\"fields\": [\"Image\"]}}]"
       }
    },
    {
       "model":"admin.logentry",
       "pk":87,
       "fields":{
          "action_time":"2022-03-27T10:34:41.205Z",
          "user":1,
          "content_type":14,
          "object_id":"3",
          "object_repr":"A Surfer Reflects",
          "action_flag":2,
          "change_message":"[{\"changed\": {\"fields\": [\"Image\"]}}]"
       }
    },
    {
       "model":"admin.logentry",
       "pk":88,
       "fields":{
          "action_time":"2022-03-27T10:34:50.043Z",
          "user":1,
          "content_type":14,
          "object_id":"4",
          "object_repr":"Surfing by St Davids Head",
          "action_flag":2,
          "change_message":"[{\"changed\": {\"fields\": [\"Image\"]}}]"
       }
    },
    {
       "model":"admin.logentry",
       "pk":89,
       "fields":{
          "action_time":"2022-03-27T10:34:59.258Z",
          "user":1,
          "content_type":14,
          "object_id":"5",
          "object_repr":"Urban Surfer",
          "action_flag":2,
          "change_message":"[{\"changed\": {\"fields\": [\"Image\"]}}]"
       }
    },
    {
       "model":"admin.logentry",
       "pk":90,
       "fields":{
          "action_time":"2022-03-27T10:35:10.923Z",
          "user":1,
          "content_type":14,
          "object_id":"6",
          "object_repr":"Surfer and the Sunset",
          "action_flag":2,
          "change_message":"[{\"changed\": {\"fields\": [\"Image\"]}}]"
       }
    },
    {
       "model":"admin.logentry",
       "pk":91,
       "fields":{
          "action_time":"2022-03-27T10:35:19.921Z",
          "user":1,
          "content_type":14,
          "object_id":"7",
          "object_repr":"Sunset Surfers",
          "action_flag":2,
          "change_message":"[{\"changed\": {\"fields\": [\"Image\"]}}]"
       }
    },
    {
       "model":"admin.logentry",
       "pk":92,
       "fields":{
          "action_time":"2022-03-27T10:40:24.853Z",
          "user":1,
          "content_type":14,
          "object_id":"15",
          "object_repr":"Pembrokeshire One",
          "action_flag":2,
          "change_message":"[{\"changed\": {\"fields\": [\"Image\"]}}]"
       }
    },
    {
       "model":"admin.logentry",
       "pk":93,
       "fields":{
          "action_time":"2022-03-27T10:40:41.247Z",
          "user":1,
          "content_type":14,
          "object_id":"16",
          "object_repr":"Pembrokeshire Two",
          "action_flag":2,
          "change_message":"[{\"changed\": {\"fields\": [\"Image\"]}}]"
       }
    },
    {
       "model":"admin.logentry",
       "pk":94,
       "fields":{
          "action_time":"2022-03-27T10:40:56.874Z",
          "user":1,
          "content_type":14,
          "object_id":"17",
          "object_repr":"Tenby",
          "action_flag":2,
          "change_message":"[{\"changed\": {\"fields\": [\"Image\"]}}]"
       }
    },
    {
       "model":"admin.logentry",
       "pk":95,
       "fields":{
          "action_time":"2022-03-27T10:41:08.113Z",
          "user":1,
          "content_type":14,
          "object_id":"18",
          "object_repr":"Dale and Marloes",
          "action_flag":2,
          "change_message":"[{\"changed\": {\"fields\": [\"Image\"]}}]"
       }
    },
    {
       "model":"admin.logentry",
       "pk":96,
       "fields":{
          "action_time":"2022-03-27T10:41:19.774Z",
          "user":1,
          "content_type":14,
          "object_id":"19",
          "object_repr":"Saundersfoot",
          "action_flag":2,
          "change_message":"[{\"changed\": {\"fields\": [\"Image\"]}}]"
       }
    },
    {
       "model":"admin.logentry",
       "pk":97,
       "fields":{
          "action_time":"2022-03-27T10:41:30.402Z",
          "user":1,
          "content_type":14,
          "object_id":"20",
          "object_repr":"Seaside",
          "action_flag":2,
          "change_message":"[{\"changed\": {\"fields\": [\"Image\"]}}]"
       }
    },
    {
       "model":"admin.logentry",
       "pk":98,
       "fields":{
          "action_time":"2022-03-27T11:08:54.996Z",
          "user":1,
          "content_type":14,
          "object_id":"38",
          "object_repr":"Early Evening Light - Whitesands",
          "action_flag":2,
          "change_message":"[{\"changed\": {\"fields\": [\"Image\"]}}]"
       }
    },
    {
       "model":"admin.logentry",
       "pk":99,
       "fields":{
          "action_time":"2022-03-27T11:09:19.658Z",
          "user":1,
          "content_type":14,
          "object_id":"39",
          "object_repr":"Whitesands - Gold",
          "action_flag":2,
          "change_message":"[{\"changed\": {\"fields\": [\"Image\"]}}]"
       }
    },
    {
       "model":"admin.logentry",
       "pk":100,
       "fields":{
          "action_time":"2022-03-27T11:09:27.309Z",
          "user":1,
          "content_type":14,
          "object_id":"40",
          "object_repr":"Whitesands - Rocks and Pools",
          "action_flag":2,
          "change_message":"[{\"changed\": {\"fields\": [\"Image\"]}}]"
       }
    },
    {
       "model":"admin.logentry",
       "pk":101,
       "fields":{
          "action_time":"2022-03-27T11:09:34.591Z",
          "user":1,
          "content_type":14,
          "object_id":"41",
          "object_repr":"Patterns - Whitesands",
          "action_flag":2,
          "change_message":"[{\"changed\": {\"fields\": [\"Image\"]}}]"
       }
    },
    {
       "model":"admin.logentry",
       "pk":102,
       "fields":{
          "action_time":"2022-03-27T11:09:41.600Z",
          "user":1,
          "content_type":14,
          "object_id":"42",
          "object_repr":"Midsummer Mist",
          "action_flag":2,
          "change_message":"[{\"changed\": {\"fields\": [\"Image\"]}}]"
       }
    },
    {
       "model":"admin.logentry",
       "pk":103,
       "fields":{
          "action_time":"2022-03-27T11:09:49.213Z",
          "user":1,
          "content_type":14,
          "object_id":"43",
          "object_repr":"Sunlines - Whitesands",
          "action_flag":2,
          "change_message":"[{\"changed\": {\"fields\": [\"Image\"]}}]"
       }
    },
    {
       "model":"admin.logentry",
       "pk":104,
       "fields":{
          "action_time":"2022-03-27T11:09:56.354Z",
          "user":1,
          "content_type":14,
          "object_id":"44",
          "object_repr":"Winter Sunset - Whitesands",
          "action_flag":2,
          "change_message":"[{\"changed\": {\"fields\": [\"Image\"]}}]"
       }
    },
    {
       "model":"admin.logentry",
       "pk":105,
       "fields":{
          "action_time":"2022-03-27T11:10:03.981Z",
          "user":1,
          "content_type":14,
          "object_id":"45",
          "object_repr":"Golden Path Over Sea and Sand",
          "action_flag":2,
          "change_message":"[{\"changed\": {\"fields\": [\"Image\"]}}]"
       }
    },
    {
       "model":"admin.logentry",
       "pk":106,
       "fields":{
          "action_time":"2022-03-27T11:10:11.679Z",
          "user":1,
          "content_type":14,
          "object_id":"46",
          "object_repr":"One Evening in June on Whitesands",
          "action_flag":2,
          "change_message":"[{\"changed\": {\"fields\": [\"Image\"]}}]"
       }
    },
    {
       "model":"admin.logentry",
       "pk":107,
       "fields":{
          "action_time":"2022-03-27T11:27:38.724Z",
          "user":1,
          "content_type":14,
          "object_id":"47",
          "object_repr":"Dove - Detail from Stained Glass Window",
          "action_flag":2,
          "change_message":"[{\"changed\": {\"fields\": [\"Image\"]}}]"
       }
    },
    {
       "model":"admin.logentry",
       "pk":108,
       "fields":{
          "action_time":"2022-03-27T11:27:47.508Z",
          "user":1,
          "content_type":14,
          "object_id":"48",
          "object_repr":"Female Stone Head - East End",
          "action_flag":2,
          "change_message":"[{\"changed\": {\"fields\": [\"Image\"]}}]"
       }
    },
    {
       "model":"admin.logentry",
       "pk":109,
       "fields":{
          "action_time":"2022-03-27T11:27:55.512Z",
          "user":1,
          "content_type":14,
          "object_id":"49",
          "object_repr":"Panel detail from a window in the Thomas Becket Chapel",
          "action_flag":2,
          "change_message":"[{\"changed\": {\"fields\": [\"Image\"]}}]"
       }
    },
    {
       "model":"admin.logentry",
       "pk":110,
       "fields":{
          "action_time":"2022-03-27T11:28:04.257Z",
          "user":1,
          "content_type":14,
          "object_id":"50",
          "object_repr":"Stained Glass Window St Davids Cathedral (L)",
          "action_flag":2,
          "change_message":"[{\"changed\": {\"fields\": [\"Image\"]}}]"
       }
    },
    {
       "model":"admin.logentry",
       "pk":111,
       "fields":{
          "action_time":"2022-03-27T11:28:10.815Z",
          "user":1,
          "content_type":14,
          "object_id":"51",
          "object_repr":"MARTYRED - Detail from Stained Glass Window in the Thomas Becket Chapel",
          "action_flag":2,
          "change_message":"[{\"changed\": {\"fields\": [\"Image\"]}}]"
       }
    },
    {
       "model":"admin.logentry",
       "pk":112,
       "fields":{
          "action_time":"2022-03-27T11:28:18.749Z",
          "user":1,
          "content_type":14,
          "object_id":"52",
          "object_repr":"Tower Lantern",
          "action_flag":2,
          "change_message":"[{\"changed\": {\"fields\": [\"Image\"]}}]"
       }
    },
    {
       "model":"admin.logentry",
       "pk":113,
       "fields":{
          "action_time":"2022-03-27T11:28:26.524Z",
          "user":1,
          "content_type":14,
          "object_id":"53",
          "object_repr":"Detail from window in Thomas Becket Chapel",
          "action_flag":2,
          "change_message":"[{\"changed\": {\"fields\": [\"Image\"]}}]"
       }
    },
    {
       "model":"admin.logentry",
       "pk":114,
       "fields":{
          "action_time":"2022-03-27T11:28:33.891Z",
          "user":1,
          "content_type":14,
          "object_id":"54",
          "object_repr":"Basil Jones - Bishop of St Davids 1874-97",
          "action_flag":2,
          "change_message":"[{\"changed\": {\"fields\": [\"Image\"]}}]"
       }
    },
    {
       "model":"admin.logentry",
       "pk":115,
       "fields":{
          "action_time":"2022-03-27T11:28:40.810Z",
          "user":1,
          "content_type":14,
          "object_id":"55",
          "object_repr":"Lily and Rose - Detail from Stained Glass Window",
          "action_flag":2,
          "change_message":"[{\"changed\": {\"fields\": [\"Image\"]}}]"
       }
    },
    {
       "model":"admin.logentry",
       "pk":116,
       "fields":{
          "action_time":"2022-03-27T11:28:49.713Z",
          "user":1,
          "content_type":14,
          "object_id":"56",
          "object_repr":"Stained Glass Window St Davids Cathedral (R)",
          "action_flag":2,
          "change_message":"[{\"changed\": {\"fields\": [\"Image\"]}}]"
       }
    },
    {
       "model":"admin.logentry",
       "pk":117,
       "fields":{
          "action_time":"2022-03-27T11:28:58.398Z",
          "user":1,
          "content_type":14,
          "object_id":"57",
          "object_repr":"Lion of St Mark - The Screen",
          "action_flag":2,
          "change_message":"[{\"changed\": {\"fields\": [\"Image\"]}}]"
       }
    },
    {
       "model":"admin.logentry",
       "pk":118,
       "fields":{
          "action_time":"2022-03-27T11:29:05.799Z",
          "user":1,
          "content_type":14,
          "object_id":"58",
          "object_repr":"Madonna and Child - Detail from the Lady Chapel Window",
          "action_flag":2,
          "change_message":"[{\"changed\": {\"fields\": [\"Image\"]}}]"
       }
    },
    {
       "model":"admin.logentry",
       "pk":119,
       "fields":{
          "action_time":"2022-03-27T11:29:12.893Z",
          "user":1,
          "content_type":14,
          "object_id":"59",
          "object_repr":"Grape and Vine Leaves - Detail from Stained Glass Window",
          "action_flag":2,
          "change_message":"[{\"changed\": {\"fields\": [\"Image\"]}}]"
       }
    },
    {
       "model":"admin.logentry",
       "pk":120,
       "fields":{
          "action_time":"2022-03-27T11:29:19.826Z",
          "user":1,
          "content_type":14,
          "object_id":"60",
          "object_repr":"Organ Pipes",
          "action_flag":2,
          "change_message":"[{\"changed\": {\"fields\": [\"Image\"]}}]"
       }
    },
    {
       "model":"admin.logentry",
       "pk":121,
       "fields":{
          "action_time":"2022-03-27T11:29:27.109Z",
          "user":1,
          "content_type":14,
          "object_id":"61",
          "object_repr":"Male Stone Head - East End",
          "action_flag":2,
          "change_message":"[{\"changed\": {\"fields\": [\"Image\"]}}]"
       }
    },
    {
       "model":"admin.logentry",
       "pk":122,
       "fields":{
          "action_time":"2022-03-27T11:29:37.225Z",
          "user":1,
          "content_type":14,
          "object_id":"62",
          "object_repr":"The Lady Chapel Stained Glass Window",
          "action_flag":2,
          "change_message":"[{\"changed\": {\"fields\": [\"Image\"]}}]"
       }
    },
    {
       "model":"admin.logentry",
       "pk":123,
       "fields":{
          "action_time":"2022-03-27T11:29:45.383Z",
          "user":1,
          "content_type":14,
          "object_id":"63",
          "object_repr":"Detail - Stained Glass Window St Thomas Becket Chapel",
          "action_flag":2,
          "change_message":"[{\"changed\": {\"fields\": [\"Image\"]}}]"
       }
    },
    {
       "model":"admin.logentry",
       "pk":124,
       "fields":{
          "action_time":"2022-03-27T11:29:51.743Z",
          "user":1,
          "content_type":14,
          "object_id":"64",
          "object_repr":"Inner Arch of the Screen",
          "action_flag":2,
          "change_message":"[{\"changed\": {\"fields\": [\"Image\"]}}]"
       }
    },
    {
       "model":"admin.logentry",
       "pk":125,
       "fields":{
          "action_time":"2022-03-27T11:29:58.482Z",
          "user":1,
          "content_type":14,
          "object_id":"65",
          "object_repr":"Four Musicians from a window in the Lady Chapel",
          "action_flag":2,
          "change_message":"[{\"changed\": {\"fields\": [\"Image\"]}}]"
       }
    },
    {
       "model":"admin.logentry",
       "pk":126,
       "fields":{
          "action_time":"2022-03-27T11:39:46.211Z",
          "user":1,
          "content_type":14,
          "object_id":"8",
          "object_repr":"Mwnt",
          "action_flag":2,
          "change_message":"[{\"changed\": {\"fields\": [\"Image\"]}}]"
       }
    },
    {
       "model":"admin.logentry",
       "pk":127,
       "fields":{
          "action_time":"2022-03-27T11:39:53.827Z",
          "user":1,
          "content_type":14,
          "object_id":"9",
          "object_repr":"Blue Shed",
          "action_flag":2,
          "change_message":"[{\"changed\": {\"fields\": [\"Image\"]}}]"
       }
    },
    {
       "model":"admin.logentry",
       "pk":128,
       "fields":{
          "action_time":"2022-03-27T11:40:03.042Z",
          "user":1,
          "content_type":14,
          "object_id":"10",
          "object_repr":"Newport - Parrog",
          "action_flag":2,
          "change_message":"[{\"changed\": {\"fields\": [\"Image\"]}}]"
       }
    },
    {
       "model":"admin.logentry",
       "pk":129,
       "fields":{
          "action_time":"2022-03-27T11:40:12.583Z",
          "user":1,
          "content_type":14,
          "object_id":"11",
          "object_repr":"Gateway to the Sea - Druidstone",
          "action_flag":2,
          "change_message":"[{\"changed\": {\"fields\": [\"Image\"]}}]"
       }
    },
    {
       "model":"admin.logentry",
       "pk":130,
       "fields":{
          "action_time":"2022-03-27T11:40:20.488Z",
          "user":1,
          "content_type":14,
          "object_id":"12",
          "object_repr":"Three Boats on a Blue Sea - Pembrokeshire",
          "action_flag":2,
          "change_message":"[{\"changed\": {\"fields\": [\"Image\"]}}]"
       }
    },
    {
       "model":"admin.logentry",
       "pk":131,
       "fields":{
          "action_time":"2022-03-27T11:40:27.641Z",
          "user":1,
          "content_type":14,
          "object_id":"13",
          "object_repr":"Green Boat in the Reeds",
          "action_flag":2,
          "change_message":"[{\"changed\": {\"fields\": [\"Image\"]}}]"
       }
    },
    {
       "model":"admin.logentry",
       "pk":132,
       "fields":{
          "action_time":"2022-03-27T11:40:34.571Z",
          "user":1,
          "content_type":14,
          "object_id":"14",
          "object_repr":"Barafundle Through the Arch",
          "action_flag":2,
          "change_message":"[{\"changed\": {\"fields\": [\"Image\"]}}]"
       }
    },
    {
       "model":"admin.logentry",
       "pk":133,
       "fields":{
          "action_time":"2022-03-27T11:41:15.587Z",
          "user":1,
          "content_type":14,
          "object_id":"21",
          "object_repr":"Newgale - Light",
          "action_flag":2,
          "change_message":"[{\"changed\": {\"fields\": [\"Image\"]}}]"
       }
    },
    {
       "model":"admin.logentry",
       "pk":134,
       "fields":{
          "action_time":"2022-03-27T11:41:25.267Z",
          "user":1,
          "content_type":14,
          "object_id":"22",
          "object_repr":"Barafundle",
          "action_flag":2,
          "change_message":"[{\"changed\": {\"fields\": [\"Image\"]}}]"
       }
    },
    {
       "model":"admin.logentry",
       "pk":135,
       "fields":{
          "action_time":"2022-03-27T11:41:33.373Z",
          "user":1,
          "content_type":14,
          "object_id":"23",
          "object_repr":"Nolton Haven",
          "action_flag":2,
          "change_message":"[{\"changed\": {\"fields\": [\"Image\"]}}]"
       }
    },
    {
       "model":"admin.logentry",
       "pk":136,
       "fields":{
          "action_time":"2022-03-27T11:41:40.919Z",
          "user":1,
          "content_type":14,
          "object_id":"24",
          "object_repr":"Sea Horses",
          "action_flag":2,
          "change_message":"[{\"changed\": {\"fields\": [\"Image\"]}}]"
       }
    },
    {
       "model":"admin.logentry",
       "pk":137,
       "fields":{
          "action_time":"2022-03-27T11:41:47.435Z",
          "user":1,
          "content_type":14,
          "object_id":"25",
          "object_repr":"Pathway of Light",
          "action_flag":2,
          "change_message":"[{\"changed\": {\"fields\": [\"Image\"]}}]"
       }
    },
    {
       "model":"admin.logentry",
       "pk":138,
       "fields":{
          "action_time":"2022-03-27T11:41:54.776Z",
          "user":1,
          "content_type":14,
          "object_id":"26",
          "object_repr":"Broad Haven South",
          "action_flag":2,
          "change_message":"[{\"changed\": {\"fields\": [\"Image\"]}}]"
       }
    },
    {
       "model":"admin.logentry",
       "pk":139,
       "fields":{
          "action_time":"2022-03-27T11:42:02.057Z",
          "user":1,
          "content_type":14,
          "object_id":"27",
          "object_repr":"View Through the Grass",
          "action_flag":2,
          "change_message":"[{\"changed\": {\"fields\": [\"Image\"]}}]"
       }
    },
    {
       "model":"admin.logentry",
       "pk":140,
       "fields":{
          "action_time":"2022-03-27T11:42:09.694Z",
          "user":1,
          "content_type":14,
          "object_id":"28",
          "object_repr":"Storm Sky above Abereiddi",
          "action_flag":2,
          "change_message":"[{\"changed\": {\"fields\": [\"Image\"]}}]"
       }
    },
    {
       "model":"admin.logentry",
       "pk":141,
       "fields":{
          "action_time":"2022-03-27T11:42:17.103Z",
          "user":1,
          "content_type":14,
          "object_id":"29",
          "object_repr":"One Afternoon in February - Nolton Haven",
          "action_flag":2,
          "change_message":"[{\"changed\": {\"fields\": [\"Image\"]}}]"
       }
    },
    {
       "model":"admin.logentry",
       "pk":142,
       "fields":{
          "action_time":"2022-03-27T11:42:23.955Z",
          "user":1,
          "content_type":14,
          "object_id":"30",
          "object_repr":"Wave Breaks on the Shore at Marloes",
          "action_flag":2,
          "change_message":"[{\"changed\": {\"fields\": [\"Image\"]}}]"
       }
    },
    {
       "model":"admin.logentry",
       "pk":143,
       "fields":{
          "action_time":"2022-03-27T11:42:30.702Z",
          "user":1,
          "content_type":14,
          "object_id":"31",
          "object_repr":"Newgale - Cave with a View",
          "action_flag":2,
          "change_message":"[{\"changed\": {\"fields\": [\"Image\"]}}]"
       }
    },
    {
       "model":"admin.logentry",
       "pk":144,
       "fields":{
          "action_time":"2022-03-27T11:42:37.533Z",
          "user":1,
          "content_type":14,
          "object_id":"32",
          "object_repr":"Solva Creek",
          "action_flag":2,
          "change_message":"[{\"changed\": {\"fields\": [\"Image\"]}}]"
       }
    },
    {
       "model":"admin.logentry",
       "pk":145,
       "fields":{
          "action_time":"2022-03-27T11:42:44.129Z",
          "user":1,
          "content_type":14,
          "object_id":"33",
          "object_repr":"Solva Sunset",
          "action_flag":2,
          "change_message":"[{\"changed\": {\"fields\": [\"Image\"]}}]"
       }
    },
    {
       "model":"admin.logentry",
       "pk":146,
       "fields":{
          "action_time":"2022-03-27T11:42:51.982Z",
          "user":1,
          "content_type":14,
          "object_id":"34",
          "object_repr":"One April Afternoon at Manorbier",
          "action_flag":2,
          "change_message":"[{\"changed\": {\"fields\": [\"Image\"]}}]"
       }
    },
    {
       "model":"admin.logentry",
       "pk":147,
       "fields":{
          "action_time":"2022-03-27T11:42:58.821Z",
          "user":1,
          "content_type":14,
          "object_id":"35",
          "object_repr":"West Angle Bay",
          "action_flag":2,
          "change_message":"[{\"changed\": {\"fields\": [\"Image\"]}}]"
       }
    },
    {
       "model":"admin.logentry",
       "pk":148,
       "fields":{
          "action_time":"2022-03-27T11:43:05.585Z",
          "user":1,
          "content_type":14,
          "object_id":"36",
          "object_repr":"Island in the Mist",
          "action_flag":2,
          "change_message":"[{\"changed\": {\"fields\": [\"Image\"]}}]"
       }
    },
    {
       "model":"admin.logentry",
       "pk":149,
       "fields":{
          "action_time":"2022-03-27T11:43:12.646Z",
          "user":1,
          "content_type":14,
          "object_id":"37",
          "object_repr":"Abereiddi - Before the Storm",
          "action_flag":2,
          "change_message":"[{\"changed\": {\"fields\": [\"Image\"]}}]"
       }
    },
    {
       "model":"admin.logentry",
       "pk":150,
       "fields":{
          "action_time":"2022-03-27T11:45:17.827Z",
          "user":1,
          "content_type":14,
          "object_id":"15",
          "object_repr":"Pembrokeshire One",
          "action_flag":2,
          "change_message":"[]"
       }
    },
    {
       "model":"admin.logentry",
       "pk":151,
       "fields":{
          "action_time":"2022-03-27T14:08:19.933Z",
          "user":1,
          "content_type":14,
          "object_id":"3",
          "object_repr":"A Surfer Reflects",
          "action_flag":2,
          "change_message":"[{\"changed\": {\"fields\": [\"Description\"]}}]"
       }
    },
    {
       "model":"admin.logentry",
       "pk":152,
       "fields":{
          "action_time":"2022-03-27T14:13:47.651Z",
          "user":1,
          "content_type":14,
          "object_id":"47",
          "object_repr":"Dove - Detail from Stained Glass Window",
          "action_flag":2,
          "change_message":"[{\"changed\": {\"fields\": [\"Description\"]}}]"
       }
    },
    {
       "model":"admin.logentry",
       "pk":153,
       "fields":{
          "action_time":"2022-03-27T14:14:10.120Z",
          "user":1,
          "content_type":14,
          "object_id":"55",
          "object_repr":"Lily and Rose - Detail from Stained Glass Window",
          "action_flag":2,
          "change_message":"[{\"changed\": {\"fields\": [\"Description\"]}}]"
       }
    },
    {
       "model":"admin.logentry",
       "pk":154,
       "fields":{
          "action_time":"2022-03-27T14:14:38.844Z",
          "user":1,
          "content_type":14,
          "object_id":"59",
          "object_repr":"Grape and Vine Leaves - Detail from Stained Glass Window",
          "action_flag":2,
          "change_message":"[{\"changed\": {\"fields\": [\"Description\"]}}]"
       }
    },
    {
       "model":"admin.logentry",
       "pk":155,
       "fields":{
          "action_time":"2022-03-27T14:19:10.108Z",
          "user":1,
          "content_type":14,
          "object_id":"8",
          "object_repr":"Mwnt",
          "action_flag":2,
          "change_message":"[{\"changed\": {\"fields\": [\"Description\"]}}]"
       }
    },
    {
       "model":"admin.logentry",
       "pk":156,
       "fields":{
          "action_time":"2022-03-27T14:35:13.659Z",
          "user":1,
          "content_type":14,
          "object_id":"37",
          "object_repr":"Abereiddi - Before the Storm",
          "action_flag":2,
          "change_message":"[{\"changed\": {\"fields\": [\"Image url\"]}}]"
       }
    },
    {
       "model":"admin.logentry",
       "pk":157,
       "fields":{
          "action_time":"2022-03-27T14:37:30.041Z",
          "user":1,
          "content_type":14,
          "object_id":"37",
          "object_repr":"Abereiddi - Before the Storm",
          "action_flag":2,
          "change_message":"[{\"changed\": {\"fields\": [\"Image\"]}}]"
       }
    },
    {
       "model":"admin.logentry",
       "pk":158,
       "fields":{
          "action_time":"2022-03-28T09:37:49.921Z",
          "user":1,
          "content_type":14,
          "object_id":"1",
          "object_repr":"Surfers",
          "action_flag":2,
          "change_message":"[{\"changed\": {\"fields\": [\"Image url\"]}}]"
       }
    },
    {
       "model":"admin.logentry",
       "pk":159,
       "fields":{
          "action_time":"2022-04-06T14:25:22.805Z",
          "user":1,
          "content_type":4,
          "object_id":"3",
          "object_repr":"iamauser",
          "action_flag":1,
          "change_message":"[{\"added\": {}}]"
       }
    },
    {
       "model":"admin.logentry",
       "pk":160,
       "fields":{
          "action_time":"2022-04-06T14:25:54.621Z",
          "user":1,
          "content_type":4,
          "object_id":"3",
          "object_repr":"iamauser",
          "action_flag":2,
          "change_message":"[{\"changed\": {\"fields\": [\"First name\", \"Last name\", \"Email address\"]}}]"
       }
    },
    {
       "model":"admin.logentry",
       "pk":161,
       "fields":{
          "action_time":"2022-04-06T14:26:55.027Z",
          "user":1,
          "content_type":15,
          "object_id":"2",
          "object_repr":"799FDB8B08624F2EAC8033F5B62C5167",
          "action_flag":3,
          "change_message":""
       }
    },
    {
       "model":"admin.logentry",
       "pk":162,
       "fields":{
          "action_time":"2022-04-06T14:26:55.028Z",
          "user":1,
          "content_type":15,
          "object_id":"1",
          "object_repr":"9BBC3B5094BE4619AD046E7A35B71FA5",
          "action_flag":3,
          "change_message":""
       }
    },
    {
       "model":"admin.logentry",
       "pk":163,
       "fields":{
          "action_time":"2022-04-06T18:15:21.704Z",
          "user":6,
          "content_type":4,
          "object_id":"2",
          "object_repr":"liamtate",
          "action_flag":3,
          "change_message":""
       }
    },
    {
       "model":"admin.logentry",
       "pk":164,
       "fields":{
          "action_time":"2022-04-06T18:15:21.706Z",
          "user":6,
          "content_type":4,
          "object_id":"5",
          "object_repr":"poobum",
          "action_flag":3,
          "change_message":""
       }
    },
    {
       "model":"admin.logentry",
       "pk":165,
       "fields":{
          "action_time":"2022-04-06T18:16:15.645Z",
          "user":6,
          "content_type":4,
          "object_id":"4",
          "object_repr":"i_am_a_customer",
          "action_flag":2,
          "change_message":"[{\"changed\": {\"fields\": [\"First name\", \"Last name\"]}}]"
       }
    },
    {
       "model":"auth.user",
       "pk":1,
       "fields":{
          "password":"pbkdf2_sha256$260000$3ea6RpjfQSBWSjfLIcUUTQ$xCNSdObmM4M4ZC3apnePb5kUGutU21nVojB+4xmvvgk=",
          "last_login":"2022-04-06T18:11:36.457Z",
          "is_superuser":true,
          "username":"liam",
          "first_name":"",
          "last_name":"",
          "email":"info@liamtate.com",
          "is_staff":true,
          "is_active":true,
          "date_joined":"2022-03-17T10:16:23.137Z",
          "groups":[
             
          ],
          "user_permissions":[
             
          ]
       }
    },
    {
       "model":"auth.user",
       "pk":3,
       "fields":{
          "password":"pbkdf2_sha256$260000$c3oIiKV8iDyq8vBohLSocS$l3VC8kf2AplYnN9BVuKU3Kb6sSv9WQ2K7FAjDV2Y7Us=",
          "last_login":null,
          "is_superuser":false,
          "username":"iamauser",
          "first_name":"Testing",
          "last_name":"Testicles",
          "email":"info@liamtate.co.uk",
          "is_staff":false,
          "is_active":true,
          "date_joined":"2022-04-06T14:25:22Z",
          "groups":[
             
          ],
          "user_permissions":[
             
          ]
       }
    },
    {
       "model":"auth.user",
       "pk":4,
       "fields":{
          "password":"pbkdf2_sha256$260000$ricWjH1KCyB05mrEVaohND$2XQPuU7V3vDky+HV09rwri55oGZR8IVIzYadFXpMND0=",
          "last_login":"2022-04-08T12:55:10.769Z",
          "is_superuser":false,
          "username":"i_am_a_customer",
          "first_name":"poop",
          "last_name":"bum",
          "email":"mrtea@protonmail.com",
          "is_staff":false,
          "is_active":true,
          "date_joined":"2022-04-06T17:56:02Z",
          "groups":[
             
          ],
          "user_permissions":[
             
          ]
       }
    },
    {
       "model":"auth.user",
       "pk":6,
       "fields":{
          "password":"pbkdf2_sha256$260000$gACwofYIfUPKRMmAJyrviO$jBGgdhBW+tdIvIKuGy9EjoAyTJZH6io6qoSO8/JgocY=",
          "last_login":"2022-04-09T10:24:32.421Z",
          "is_superuser":true,
          "username":"iamasuperuser",
          "first_name":"",
          "last_name":"",
          "email":"info@liamtate.com",
          "is_staff":true,
          "is_active":true,
          "date_joined":"2022-04-06T18:13:53.825Z",
          "groups":[
             
          ],
          "user_permissions":[
             
          ]
       }
    },
    {
       "model":"auth.user",
       "pk":7,
       "fields":{
          "password":"pbkdf2_sha256$260000$tCNgfLnDRELKFFZeL1QlWt$ScO1O5U3V/QHzWsrp6lpuzZNBcPHJNMCyEmWw3M/2x0=",
          "last_login":null,
          "is_superuser":false,
          "username":"ilovespam",
          "first_name":"",
          "last_name":"",
          "email":"ilovespam@liamtate.com",
          "is_staff":false,
          "is_active":true,
          "date_joined":"2022-04-07T14:56:06.949Z",
          "groups":[
             
          ],
          "user_permissions":[
             
          ]
       }
    },
    {
       "model":"sessions.session",
       "pk":"2jjplw2e3pdai3jm9g246gyq5t5rjpj1",
       "fields":{
          "session_data":"eyJjYXJ0Ijp7IjEiOjEsIjIiOjEsIjMiOjd9fQ:1nYsNY:zJaEYfEa7g5NZOOXAJta-sxNoWZV23A6WzgxT9g9gb0",
          "expire_date":"2022-04-11T16:38:04.678Z"
       }
    },
    {
       "model":"sessions.session",
       "pk":"68jpzo6gspvaswoeov4zorrl1b7gcrfy",
       "fields":{
          "session_data":".eJxVjs0OgyAQhN9lz4YAiyIce_cZzMJitW008edkfPdC4qE9TXa-2cmc0NOxj_2xpbWfGDwoqH69QPGd5gL4RfNzEXGZ93UKokTETTfRLZw-jzv7VzDSNuZvsqiMkzgk3UiXhsGl2rXOSLakWo4284Yth9ogKmKOlDBoDLJxrNtSGmndwZ95odcVIHiVRWcxFVjwdT6KeV1fwhBA3w:1nYnzC:BGvdaQ-k6rRYLLfKz42W9MSWbmK3xsrA8BOT8ejHpIw",
          "expire_date":"2022-04-11T11:56:38.568Z"
       }
    },
    {
       "model":"sessions.session",
       "pk":"bjeygvk4c9ze59lxq5lniqtr2u3pi9jx",
       "fields":{
          "session_data":"e30:1ncAAV:aXjJKUSjKDsehZSCAMNxEzjC2U2a7oc2m7zyPM19DUk",
          "expire_date":"2022-04-20T18:14:11.732Z"
       }
    },
    {
       "model":"sessions.session",
       "pk":"g3klxbrx294ogxh9xwt1hqdtnvqgv9x4",
       "fields":{
          "session_data":"e30:1nc9yT:1sITyity7dfqjuRibfxLnoVJJt580d1Eqy7ROHxdNuU",
          "expire_date":"2022-04-20T18:01:45.046Z"
       }
    },
    {
       "model":"sessions.session",
       "pk":"lhmhxs5ezexl9iajr7mqogputm8ag3sf",
       "fields":{
          "session_data":"e30:1nc9uc:TekpzZGTqR6FE7Fr8cskWualeJEot0OoUIw3EaE4Pcc",
          "expire_date":"2022-04-20T17:57:46.920Z"
       }
    },
    {
       "model":"sessions.session",
       "pk":"m352htl03x8squuke1z2wepvmq39bfgb",
       "fields":{
          "session_data":"e30:1ncA3Q:_1qPtFS9kTALtvMDmFvuZq9kOp3ROTaqwWx84sQki5U",
          "expire_date":"2022-04-20T18:06:52.148Z"
       }
    },
    {
       "model":"sessions.session",
       "pk":"m89yrcsaligbf7rgwc1nhwy5qt2rgwja",
       "fields":{
          "session_data":"e30:1ncA0e:j-hxLm2Fl4XkjkjpjxZ9w4lfjVgCsnq1Kc4qnNi4aZU",
          "expire_date":"2022-04-20T18:04:00.502Z"
       }
    },
    {
       "model":"sessions.session",
       "pk":"mjkzjbx1nwm4zfj14re9sp4lv00qbubu",
       "fields":{
          "session_data":"eyJfbWVzc2FnZXMiOiJbW1wiX19qc29uX21lc3NhZ2VcIiwgMCwgNDAsIFwiVGhlcmUncyBub3RoaW5nIGluIHlvdXIgY2FydCBhdCB0aGUgbW9tZW50XCJdXSJ9:1nc1cj:oZlgmUZSWF-P9gb9BolPViGFhaipDwzeHwoC62sp5_o",
          "expire_date":"2022-04-20T09:06:45.404Z"
       }
    },
    {
       "model":"sessions.session",
       "pk":"o4mu1qhc6eqqrmuu2k5vgh7dkph296p9",
       "fields":{
          "session_data":".eJxVjEEOwiAQRe_C2pAOnaJ06d4zkIEZLWqgKW2iMd5dm3Sh2__efy_laZkHv1SZfGLVK6t2v1ugeJO8Ar5SvhQdS56nFPSq6I1WfSos9-Pm_gUGqsP3DXsBACtAIRqKEEjYRLGRnUFsm7Nz3AU-OARrLbURmRo04Drs2GBYo1VqTSV7eYxpeqq-eX8AoTM_Kg:1nd8Ol:pTRaSyD_CcObC4tNH9ozCn5qbkOs4BuGbB9UBc4vwIE",
          "expire_date":"2022-04-23T10:32:55.481Z"
       }
    },
    {
       "model":"sessions.session",
       "pk":"oiqpej12dp6jr6y9n6oo4eclrf81hk0b",
       "fields":{
          "session_data":"eyJjYXJ0Ijp7IjE4IjoxLCIzIjoyLCI0IjoyLCIxIjoyfX0:1nYoDa:Nv1O2pkYp1pYADSlya3nZbO42sGcvC3OCDekJG6Nd4I",
          "expire_date":"2022-04-11T12:11:30.649Z"
       }
    },
    {
       "model":"sessions.session",
       "pk":"vuh3uykkd9nkq3hi55j0sw67c5v2la7j",
       "fields":{
          "session_data":".eJxVjEEOwiAQRe_C2pAOnaJ06d4zkIEZLWqgKW2iMd5dm3Sh2__efy_laZkHv1SZfGLVK6t2v1ugeJO8Ar5SvhQdS56nFPSq6I1WfSos9-Pm_gUGqsP3DXsBACtAIRqKEEjYRLGRnUFsm7Nz3AU-OARrLbURmRo04Drs2GBYo1VqTSV7eYxpeqq-eX8AoTM_Kg:1ncovb:anryo7sz1WGXXh3OE30Wq1SEv1HdVLFu6_8If8eC5Ks",
          "expire_date":"2022-04-22T13:45:31.895Z"
       }
    },
    {
       "model":"sessions.session",
       "pk":"vxvkjrz1pnxxhj51v5ixlkfrt1q4i05x",
       "fields":{
          "session_data":"e30:1ncA80:TmlZNsGOYXkGtBleLpa9NXZ8_BIxjFCIaHO4ThYph1g",
          "expire_date":"2022-04-20T18:11:36.454Z"
       }
    },
    {
       "model":"sessions.session",
       "pk":"weivjjep5hkafld8o0hguf02qxqumvpy",
       "fields":{
          "session_data":".eJxFyTEKgDAMBdC7_LmDgi65TAg1hUBtpWlFEe_u6FvfA5dT2UqqoCTZNSBK66AHK2h-AyTGOkrnU5sl0411F8ugMnL-d7g2EBYEsKu71cJ6HdZu0PR-Ua8kPA:1nc9uA:Zq7kat5Z4TQDwMVYpon74Vq97vu-yv66GN3ZvS8W1L8",
          "expire_date":"2022-04-20T17:57:18.418Z"
       }
    },
    {
       "model":"sessions.session",
       "pk":"xqr07evcaldx6fn3kpmydyfb5r1etf58",
       "fields":{
          "session_data":".eJwli8ENgDAMA3fxOw-auip4G8QGiF_V3YmSj08-2QvP_X7QAiEaBuQGOtQMrbInvDCY4IS6oRyvWpyBIw4za0ju_QPeDRON:1nYqa2:wdp2U0xn6xe8RTgij2PZntjEb7pQ1j_T6PgV2osULlU",
          "expire_date":"2022-04-11T14:42:50.669Z"
       }
    },
    {
       "model":"sites.site",
       "pk":1,
       "fields":{
          "domain":"example.com",
          "name":"example.com"
       }
    },
    {
       "model":"account.emailaddress",
       "pk":1,
       "fields":{
          "user":4,
          "email":"mrtea@protonmail.com",
          "verified":true,
          "primary":true
       }
    },
    {
       "model":"account.emailaddress",
       "pk":2,
       "fields":{
          "user":7,
          "email":"ilovespam@liamtate.com",
          "verified":false,
          "primary":true
       }
    },
    {
       "model":"account.emailaddress",
       "pk":3,
       "fields":{
          "user":6,
          "email":"info@liamtate.com",
          "verified":true,
          "primary":true
       }
    },
    {
       "model":"shop.category",
       "pk":1,
       "fields":{
          "name":"surfers",
          "friendly_name":"Surfers"
       }
    },
    {
       "model":"shop.category",
       "pk":2,
       "fields":{
          "name":"landandsea",
          "friendly_name":"Land & Sea"
       }
    },
    {
       "model":"shop.category",
       "pk":3,
       "fields":{
          "name":"montage",
          "friendly_name":"Montage"
       }
    },
    {
       "model":"shop.category",
       "pk":4,
       "fields":{
          "name":"stdavidscathedral",
          "friendly_name":"St. Davids Cathedral"
       }
    },
    {
       "model":"shop.category",
       "pk":5,
       "fields":{
          "name":"whitesands",
          "friendly_name":"Whitesands"
       }
    },
    {
       "model":"shop.product",
       "pk":1,
       "fields":{
          "sku":"lt1133708733",
          "category":1,
          "name":"Surfers",
          "description":"Limited Edition of 250 prints",
          "price":"85.00",
          "type":"Type: Mounted Print",
          "dimensions":"Print Dimensions: 26\" x 16\" (660mm x 406mm) Measurement includes 3\" (76mm) white mount",
          "image_url":"surfers-long-surfers_C0F91Zl.jpg",
          "image":"Surfers.jpg"
       }
    },
    {
       "model":"shop.product",
       "pk":2,
       "fields":{
          "sku":"lt4216695890",
          "category":1,
          "name":"Surfers II",
          "description":"Limited Edition of 250 prints",
          "price":"65.00",
          "type":"Type: Mounted Print",
          "dimensions":"Print Dimensions: 21\" x 18\" (533mm x 457mm) Measurement includes 3\" (76mm) white mount",
          "image_url":null,
          "image":"Surfers_II.jpg"
       }
    },
    {
       "model":"shop.product",
       "pk":3,
       "fields":{
          "sku":"lt7230264809",
          "category":1,
          "name":"A Surfer Reflects",
          "description":"",
          "price":"50.00",
          "type":"Type: Mounted Print",
          "dimensions":"Print Dimensions: 17\" by 13\" (430mm by 330mm) Measurement includes 2 and a half inch white mount",
          "image_url":null,
          "image":"A_Surfer_Reflects_.jpg"
       }
    },
    {
       "model":"shop.product",
       "pk":4,
       "fields":{
          "sku":"lt1848283855",
          "category":1,
          "name":"Surfing by St Davids Head",
          "description":"Limited Edition of 250 prints",
          "price":"75.00",
          "type":"Type: Mounted Print",
          "dimensions":"Print Dimensions: 26.5\" x 17\" (673mm x 431mm) Measurement includes 3\" (76mm) white mount",
          "image_url":null,
          "image":"Surfing_by_St_Davids_Head_.jpg"
       }
    },
    {
       "model":"shop.product",
       "pk":5,
       "fields":{
          "sku":"lt6707855674",
          "category":1,
          "name":"Urban Surfer",
          "description":"Limited Edition of 250 prints",
          "price":"80.00",
          "type":"Type: Mounted Print",
          "dimensions":"Print Dimensions: 22\" x 20.25\" (559mm x 514mm) Measurement includes 3\" (76mm) white mount",
          "image_url":null,
          "image":"Urban_Surfer.jpg"
       }
    },
    {
       "model":"shop.product",
       "pk":6,
       "fields":{
          "sku":"lt0211647395",
          "category":1,
          "name":"Surfer and the Sunset",
          "description":"Limited Edition of 250 prints",
          "price":"60.00",
          "type":"Type: Mounted Print",
          "dimensions":"Print Dimensions: 21.5\" x 16\" (546mm x 406mm) Measurement includes 3\" (76mm) white mount",
          "image_url":null,
          "image":"Surfer_and_the_Sunset.jpg"
       }
    },
    {
       "model":"shop.product",
       "pk":7,
       "fields":{
          "sku":"lt7934561364",
          "category":1,
          "name":"Sunset Surfers",
          "description":"Limited Edition of 250 prints",
          "price":"40.00",
          "type":"Type: Mounted Print",
          "dimensions":"Print Dimensions: 14.5\" x 14\" (368mm x 355mm) Measurement includes 3\" (76mm) white mount",
          "image_url":null,
          "image":"Sunset_Surfers.jpg"
       }
    },
    {
       "model":"shop.product",
       "pk":8,
       "fields":{
          "sku":"lt7026218148",
          "category":2,
          "name":"Mwnt",
          "description":"Limited Edition of 250 prints",
          "price":"85.00",
          "type":"Type: Mounted Print",
          "dimensions":"Print Dimensions: 22.75\" x 19\" (578mm x 482mm) Measurement includes 3\" (76mm) white mount",
          "image_url":null,
          "image":"Mwnt_827Kxjr.jpg"
       }
    },
    {
       "model":"shop.product",
       "pk":9,
       "fields":{
          "sku":"lt8722220847",
          "category":2,
          "name":"Blue Shed",
          "description":"",
          "price":"40.00",
          "type":"Type: Mounted Print",
          "dimensions":"Print Dimensions: 14\" x 18\" (355mm x 457mm) Measurement includes 3\" (76mm) white mount",
          "image_url":null,
          "image":"Blue_Shed_CZDUSl0.jpg"
       }
    },
    {
       "model":"shop.product",
       "pk":10,
       "fields":{
          "sku":"lt9902368942",
          "category":2,
          "name":"Newport - Parrog",
          "description":"",
          "price":"35.00",
          "type":"Type: Mounted Print",
          "dimensions":"Print Dimensions: 21.25\" x 10\" (539mm x 254mm) Measurement includes 3\" (76mm) white mount",
          "image_url":null,
          "image":"Newport_-_Parrog_b2jw2WA.jpg"
       }
    },
    {
       "model":"shop.product",
       "pk":11,
       "fields":{
          "sku":"lt6728412076",
          "category":2,
          "name":"Gateway to the Sea - Druidstone",
          "description":"",
          "price":"60.00",
          "type":"Type: Mounted Print",
          "dimensions":"Print Dimensions: 14\" x 17.5\" (355mm x 444mm) Measurement includes 3\" (76.mm) white mount",
          "image_url":null,
          "image":"Gateway_to_the_Sea_-_Druidstone_QSGcOXX.jpg"
       }
    },
    {
       "model":"shop.product",
       "pk":12,
       "fields":{
          "sku":"lt3888365171",
          "category":2,
          "name":"Three Boats on a Blue Sea - Pembrokeshire",
          "description":"",
          "price":"50.00",
          "type":"Type: Mounted Print",
          "dimensions":"Print Dimensions: 16\" x 14\" (406mm x 355mm) Measurement includes 3\" (76mm) white mount",
          "image_url":null,
          "image":"Three_Boats_on_a_Blue_Sea_-_Pembrokeshire_1VjhKL7.jpg"
       }
    },
    {
       "model":"shop.product",
       "pk":13,
       "fields":{
          "sku":"lt0102653257",
          "category":2,
          "name":"Green Boat in the Reeds",
          "description":"",
          "price":"60.00",
          "type":"Type: Mounted Print",
          "dimensions":"Print Dimensions: 16\" x 16\" (406mm x 406mm) Measurement includes 3\" (76mm) white mount",
          "image_url":null,
          "image":"Green_Boat_in_the_Reeds_olZrvXr.jpg"
       }
    },
    {
       "model":"shop.product",
       "pk":14,
       "fields":{
          "sku":"lt9405360052",
          "category":2,
          "name":"Barafundle Through the Arch",
          "description":"Limited Edition of 250 prints",
          "price":"45.00",
          "type":"Type: Mounted Print",
          "dimensions":"Print Dimensions: 18.5\" x 14.5\" (469.9mm x 368.3mm) Measurement includes 3\" (76mm) white mount",
          "image_url":null,
          "image":"Barafundle_Through_the_Arch_cQlMSaK.jpg"
       }
    },
    {
       "model":"shop.product",
       "pk":15,
       "fields":{
          "sku":"lt6768033730",
          "category":3,
          "name":"Pembrokeshire One",
          "description":"",
          "price":"85.00",
          "type":"Type: Mounted Print",
          "dimensions":"Print Dimensions: 17.5 x 22.75 (444mm x 577mm) Measurement includes 3\" (76mm) white mount",
          "image_url":null,
          "image":"Pemrokeshire_One.jpg"
       }
    },
    {
       "model":"shop.product",
       "pk":16,
       "fields":{
          "sku":"lt9935853092",
          "category":3,
          "name":"Pembrokeshire Two",
          "description":"",
          "price":"85.00",
          "type":"Type: Mounted Print",
          "dimensions":"Print Dimensions: 17.5 x 22.75 (444mm x 577mm) Measurement includes 3\" (76mm) white mount",
          "image_url":null,
          "image":"Pembrokeshire_Two.jpg"
       }
    },
    {
       "model":"shop.product",
       "pk":17,
       "fields":{
          "sku":"lt7286382946",
          "category":3,
          "name":"Tenby",
          "description":"",
          "price":"85.00",
          "type":"Type: Mounted Print",
          "dimensions":"Print Dimensions: 17.5 x 22.75 (444mm x 577mm) Measurement includes 3\" (76mm) white mount",
          "image_url":null,
          "image":"Tenby.jpg"
       }
    },
    {
       "model":"shop.product",
       "pk":18,
       "fields":{
          "sku":"lt1402257245",
          "category":3,
          "name":"Dale and Marloes",
          "description":"",
          "price":"85.00",
          "type":"Type: Mounted Print",
          "dimensions":"Print Dimensions: 17.5 x 22.75 (444mm x 577mm) Measurement includes 3\" (76mm) white mount",
          "image_url":null,
          "image":"Dale_and_Marloes.jpg"
       }
    },
    {
       "model":"shop.product",
       "pk":19,
       "fields":{
          "sku":"lt8887518688",
          "category":3,
          "name":"Saundersfoot",
          "description":"",
          "price":"85.00",
          "type":"Type: Mounted Print",
          "dimensions":"Print Dimensions: 17.5 x 22.75 (444mm x 577mm) Measurement includes 3\" (76mm) white mount",
          "image_url":null,
          "image":"Saundersfoot.jpg"
       }
    },
    {
       "model":"shop.product",
       "pk":20,
       "fields":{
          "sku":"lt6711133218",
          "category":3,
          "name":"Seaside",
          "description":"",
          "price":"60.00",
          "type":"Type: Mounted Print",
          "dimensions":"Print Dimensions: 16.5 x 18 (419mm x 457mm) Measurement includes 3\" (76mm) white mount",
          "image_url":null,
          "image":"Seaside.jpg"
       }
    },
    {
       "model":"shop.product",
       "pk":21,
       "fields":{
          "sku":"lt1974955945",
          "category":2,
          "name":"Newgale - Light",
          "description":"",
          "price":"85.00",
          "type":"Type: Mounted Print",
          "dimensions":"Print Dimensions: 23 3/4 inches by 20 1/4 inches (603mm by 514 mm)  Measurement includes 3\" (76mm) white mount",
          "image_url":null,
          "image":"Newgale_-_Light.jpg"
       }
    },
    {
       "model":"shop.product",
       "pk":22,
       "fields":{
          "sku":"lt0863895588",
          "category":2,
          "name":"Barafundle",
          "description":"Limited Edition of 250 prints",
          "price":"65.00",
          "type":"Type: Mounted Print",
          "dimensions":"Print Dimensions: 20.5\" x 16.5\" (520.7mm x 419.1mm) Measurement includes 3\" (76mm) white mount",
          "image_url":null,
          "image":"Barafundle_YW1y7cR.jpg"
       }
    },
    {
       "model":"shop.product",
       "pk":23,
       "fields":{
          "sku":"lt0048421056",
          "category":2,
          "name":"Nolton Haven",
          "description":"Limited Edition of 250 prints",
          "price":"85.00",
          "type":"Type: Mounted Print",
          "dimensions":"Print Dimensions: 26.5\" x 19\" (673mm x 482mm) Measurement includes 3\" (76mm) white mount",
          "image_url":null,
          "image":"Nolton_Haven__xkSsfVu.jpg"
       }
    },
    {
       "model":"shop.product",
       "pk":24,
       "fields":{
          "sku":"lt5742388582",
          "category":2,
          "name":"Sea Horses",
          "description":"Limited Edition of 250 prints",
          "price":"35.00",
          "type":"Type: Mounted Print",
          "dimensions":"Print Dimensions: 16.5\" x 13\" (419.1mm x 330.2mm) Measurement includes 3\" (76mm) white mount",
          "image_url":null,
          "image":"Sea_Horses_cUfWoRy.jpg"
       }
    },
    {
       "model":"shop.product",
       "pk":25,
       "fields":{
          "sku":"lt8915269679",
          "category":2,
          "name":"Pathway of Light",
          "description":"",
          "price":"60.00",
          "type":"Type: Mounted Print",
          "dimensions":"Print Dimensions: 19\" x 16.5\" (482mm x 419mm) Measurement includes 3\" (76mm) white mount",
          "image_url":null,
          "image":"Pathway_of_Light_RcMXhrX.jpg"
       }
    },
    {
       "model":"shop.product",
       "pk":26,
       "fields":{
          "sku":"lt5995139827",
          "category":2,
          "name":"Broad Haven South",
          "description":"Limited Edition of 250 prints",
          "price":"40.00",
          "type":"Type: Mounted Print",
          "dimensions":"Print Dimensions: 16.5\" x 16.5\" (419.1mm x 419.1mm) Measurement includes 3\" (76mm) white mount",
          "image_url":null,
          "image":"Broad_Haven_South_Grxo8OH.jpg"
       }
    },
    {
       "model":"shop.product",
       "pk":27,
       "fields":{
          "sku":"lt0578031367",
          "category":2,
          "name":"View Through the Grass",
          "description":"",
          "price":"85.00",
          "type":"Type: Mounted Print",
          "dimensions":"Print Dimensions: 18 inches by 18 inches (460mm by 460mm) Measurement includes 3\" (76mm) white mount",
          "image_url":null,
          "image":"View_Through_the_Grass.jpg"
       }
    },
    {
       "model":"shop.product",
       "pk":28,
       "fields":{
          "sku":"lt9971608707",
          "category":2,
          "name":"Storm Sky above Abereiddi",
          "description":"",
          "price":"60.00",
          "type":"Type: Mounted Print",
          "dimensions":"Print Dimensions: 14 1/2 inches by 19 1/2 inches (495mm by 381mm) Measurement includes 2.5 (63mm) white mount",
          "image_url":null,
          "image":"Storm_Sky_above_Abereiddi__BDqBDRr.jpg"
       }
    },
    {
       "model":"shop.product",
       "pk":29,
       "fields":{
          "sku":"lt6415154636",
          "category":2,
          "name":"One Afternoon in February - Nolton Haven",
          "description":"Limited Edition of 250 prints",
          "price":"65.00",
          "type":"Type: Mounted Print",
          "dimensions":"Print Dimensions: 22.5\" x 17.25\" (571.5mm x 438.15mm) Measurement includes 3\" (76mm) white mount",
          "image_url":null,
          "image":"One_Afternoon_in_February_-_Nolton_Haven_TeeRPQh.jpg"
       }
    },
    {
       "model":"shop.product",
       "pk":30,
       "fields":{
          "sku":"lt7551804581",
          "category":2,
          "name":"Wave Breaks on the Shore at Marloes",
          "description":"",
          "price":"65.00",
          "type":"Type: Mounted Print",
          "dimensions":"Print Dimensions: 21.75\" x 15.75\" (552.45mm x 400.05mm) Measurement includes 3\" (76mm) white mount",
          "image_url":null,
          "image":"Wave_Breaks_on_the_Shore_at_Marloes__74dgTGL.jpg"
       }
    },
    {
       "model":"shop.product",
       "pk":31,
       "fields":{
          "sku":"lt9857042606",
          "category":2,
          "name":"Newgale - Cave with a View",
          "description":"",
          "price":"60.00",
          "type":"Type: Mounted Print",
          "dimensions":"Print Dimensions: 12.75 x 17 (324mm x 432mm) Measurement includes 2.5 (63mm) white mount",
          "image_url":null,
          "image":"Newgale_-_Cave_with_a_View__pW0WWqm.jpg"
       }
    },
    {
       "model":"shop.product",
       "pk":32,
       "fields":{
          "sku":"lt2336265547",
          "category":2,
          "name":"Solva Creek",
          "description":"",
          "price":"45.00",
          "type":"Type: Mounted Print",
          "dimensions":"Print Dimensions: 17 x 11 (432 mm x 279mm) Measurement includes 2.5 (63mm) white mount",
          "image_url":null,
          "image":"Solva_Creek__uVKnLFL.jpg"
       }
    },
    {
       "model":"shop.product",
       "pk":33,
       "fields":{
          "sku":"lt1172906919",
          "category":2,
          "name":"Solva Sunset",
          "description":"",
          "price":"50.00",
          "type":"Type: Mounted Print",
          "dimensions":"Print Dimensions: 17 x 14.5 (432mm x 368mm) Measurement includes 2.5 (63mm) white mount",
          "image_url":null,
          "image":"Solva_Sunset__raZNAhi.jpg"
       }
    },
    {
       "model":"shop.product",
       "pk":34,
       "fields":{
          "sku":"lt6937838468",
          "category":2,
          "name":"One April Afternoon at Manorbier",
          "description":"",
          "price":"70.00",
          "type":"Type: Mounted Print",
          "dimensions":"Print Dimensions: 22 3/4 inches by 12 1/4 inches (580mm by 310mm) Measurement includes 2.5 (63mm) white mount",
          "image_url":null,
          "image":"One_April_Afternoon_at_Manorbier.jpg"
       }
    },
    {
       "model":"shop.product",
       "pk":35,
       "fields":{
          "sku":"lt9491319346",
          "category":2,
          "name":"West Angle Bay",
          "description":"",
          "price":"65.00",
          "type":"Type: Mounted Print",
          "dimensions":"Print Dimensions: 21 1/2 inches wide by 16 1/2 inches (546mm by 406mm) Measurement includes three inch (76mm ) white mount",
          "image_url":null,
          "image":"West_Angle_Bay__H6qNX89.jpg"
       }
    },
    {
       "model":"shop.product",
       "pk":36,
       "fields":{
          "sku":"lt6995649889",
          "category":2,
          "name":"Island in the Mist",
          "description":"",
          "price":"90.00",
          "type":"Type: Mounted Print",
          "dimensions":"Print Dimensions: 38 inches by 13 1/4 inches (960mm by 340mm)  Measurement includes 3\" (76mm) white mount",
          "image_url":null,
          "image":"Island_in_the_Mist.jpg"
       }
    },
    {
       "model":"shop.product",
       "pk":37,
       "fields":{
          "sku":"lt6794372915",
          "category":2,
          "name":"Abereiddi - Before the Storm",
          "description":"",
          "price":"65.00",
          "type":"Type: Mounted Print",
          "dimensions":"Print Dimensions: 19 1/2 inches by 15 inches (495mm by 381mm) Measurement includes three inch (76mm ) white mount",
          "image_url":"https://drive.protonmail.com/urls/NS0P6DEAN0#73EZyWLOeLY0",
          "image":"abereiddi-before-the-storm_7tLWdYx.jpg"
       }
    },
    {
       "model":"shop.product",
       "pk":38,
       "fields":{
          "sku":"lt8535358221",
          "category":5,
          "name":"Early Evening Light - Whitesands",
          "description":"Limited Edition of 250 prints",
          "price":"55.00",
          "type":"Type: Mounted Print",
          "dimensions":"Print Dimensions: 20.5\" x 17\" (521mm x 432mm) Measurement includes 3\" (76mm) white mount",
          "image_url":null,
          "image":"Early_Evening_Light_-_Whitesands_20gRZT7.jpg"
       }
    },
    {
       "model":"shop.product",
       "pk":39,
       "fields":{
          "sku":"lt3363103337",
          "category":5,
          "name":"Whitesands - Gold",
          "description":"Limited Edition of 250 prints",
          "price":"75.00",
          "type":"Type: Mounted Print",
          "dimensions":"Print Dimensions: 23\" x 24\" (584mm x 609mm) Measurement includes 3\" (76mm) white mount",
          "image_url":null,
          "image":"Whitesands_-_Gold_yH7e0oq.jpg"
       }
    },
    {
       "model":"shop.product",
       "pk":40,
       "fields":{
          "sku":"lt6528269301",
          "category":5,
          "name":"Whitesands - Rocks and Pools",
          "description":"",
          "price":"55.00",
          "type":"Type: Mounted Print",
          "dimensions":"Print Dimensions: 20.5 x 11 (521mm x 279mm) Measurement includes 2.5 (63mm) white mount",
          "image_url":null,
          "image":"Whitesands_-_Rocks_and_Pools_q9LuKsi.jpg"
       }
    },
    {
       "model":"shop.product",
       "pk":41,
       "fields":{
          "sku":"lt6205318231",
          "category":5,
          "name":"Patterns - Whitesands",
          "description":"Limited Edition of 250 prints",
          "price":"60.00",
          "type":"Type: Mounted Print",
          "dimensions":"Print Dimensions: 20.5\" x 13.5\" (520.7mm x 342.9mm) Measurement includes 3\" (76mm) white mount",
          "image_url":null,
          "image":"Patterns_-_Whitesands_EMzhI3L.jpg"
       }
    },
    {
       "model":"shop.product",
       "pk":42,
       "fields":{
          "sku":"lt9825734132",
          "category":5,
          "name":"Midsummer Mist",
          "description":"Limited Edition of 250 prints",
          "price":"70.00",
          "type":"Type: Mounted Print",
          "dimensions":"Print Dimensions: 20\" x 21.5\" (508mm x 546mm) Measurement includes 3\" (76mm) white mount",
          "image_url":null,
          "image":"Midsummer_Mist_Wo5IfHJ.jpg"
       }
    },
    {
       "model":"shop.product",
       "pk":43,
       "fields":{
          "sku":"lt7047121992",
          "category":5,
          "name":"Sunlines - Whitesands",
          "description":"Limited Edition of 250 prints",
          "price":"60.00",
          "type":"Type: Mounted Print",
          "dimensions":"Print Dimensions: 20.5\" x 19.5\" (520.7mm x 495.3mm) Measurement includes 3\" (76mm) white mount",
          "image_url":null,
          "image":"Sunlines_-_Whitesands_Riol62r.jpg"
       }
    },
    {
       "model":"shop.product",
       "pk":44,
       "fields":{
          "sku":"lt5749418703",
          "category":5,
          "name":"Winter Sunset - Whitesands",
          "description":"Limited Edition of 250 prints",
          "price":"75.00",
          "type":"Type: Mounted Print",
          "dimensions":"Print Dimensions: 26\" x 17\" (660mm x 432mm) Measurement includes 3\" (76mm) white mount",
          "image_url":null,
          "image":"Winter_Sunset_-_Whitesands_Dw6HpEe.jpg"
       }
    },
    {
       "model":"shop.product",
       "pk":45,
       "fields":{
          "sku":"lt2538365881",
          "category":5,
          "name":"Golden Path Over Sea and Sand",
          "description":"Limited Edition of 250 prints",
          "price":"65.00",
          "type":"Type: Mounted Print",
          "dimensions":"Print Dimensions: 18.5\" x 23\" (470mm x 584mm) Measurement includes 3\" (76mm) white mount",
          "image_url":null,
          "image":"Golden_Path_Over_Sea_and_Sand_RQYlWNN.jpg"
       }
    },
    {
       "model":"shop.product",
       "pk":46,
       "fields":{
          "sku":"lt5625815532",
          "category":5,
          "name":"One Evening in June on Whitesands",
          "description":"",
          "price":"65.00",
          "type":"Type: Mounted Print",
          "dimensions":"Print Dimensions: 24 1/2 inches by 20 1/4 inches (622 mm by 515 mm) Measurement includes 3\" (76mm) white mount",
          "image_url":null,
          "image":"One_Evening_in_June_on_Whitesands_.jpg"
       }
    },
    {
       "model":"shop.product",
       "pk":47,
       "fields":{
          "sku":"lt0159768165",
          "category":4,
          "name":"Dove - Detail from Stained Glass Window",
          "description":"(East End, St Davids Cathedral). 10% from the sale of this image goes towards\r\nhelping maintain St Davids Cathedral",
          "price":"50.00",
          "type":"Type: Mounted Print",
          "dimensions":"Print Dimensions: 20\" x 18.5\" (508mm x 470mm) Measurement includes 3\" (76mm) white mount",
          "image_url":null,
          "image":"Dove_-_Detail_from_Stained_Glass_Window_East_End_St_Davids_Cathedral__lika0Aq.jpg"
       }
    },
    {
       "model":"shop.product",
       "pk":48,
       "fields":{
          "sku":"lt5652323192",
          "category":4,
          "name":"Female Stone Head - East End",
          "description":"10% from the sale of this image goes towards\r\nhelping maintain St Davids Cathedral",
          "price":"50.00",
          "type":"Type: Mounted Print",
          "dimensions":"Print Dimensions: 16\" x 15.5\" (406mm x 394mm) Measurement includes 3\" (76mm) white mount",
          "image_url":null,
          "image":"Female_Stone_Head_-_East_End_ZIUg1y0.jpg"
       }
    },
    {
       "model":"shop.product",
       "pk":49,
       "fields":{
          "sku":"lt5141504945",
          "category":4,
          "name":"Panel detail from a window in the Thomas Becket Chapel",
          "description":"10% from the sale of this image goes towards\r\nhelping maintain St Davids Cathedral",
          "price":"65.00",
          "type":"Type: Mounted Print",
          "dimensions":"Print Dimensions: 12\" x 23.5\" (305mm x 597mm) Measurement includes 3\" (76mm) white mount",
          "image_url":null,
          "image":"Panel_detail_from_a_window_in_the_Thomas_Becket_Chapel__1pPnJD2.jpg"
       }
    },
    {
       "model":"shop.product",
       "pk":50,
       "fields":{
          "sku":"lt3971756532",
          "category":4,
          "name":"Stained Glass Window St Davids Cathedral (L)",
          "description":"10% from the sale of this image goes towards\r\nhelping maintain St Davids Cathedral",
          "price":"55.00",
          "type":"Type: Mounted Print",
          "dimensions":"Print Dimensions: 20\" x 19\" (508mm x 482mm) Measurement includes 3\" (76mm) white mount",
          "image_url":null,
          "image":"Stained_Glass_Window_St_Davids_Cathedral_L_YQcZaBm.jpg"
       }
    },
    {
       "model":"shop.product",
       "pk":51,
       "fields":{
          "sku":"lt5718735603",
          "category":4,
          "name":"MARTYRED - Detail from Stained Glass Window in the Thomas Becket Chapel",
          "description":"10% from the sale of this image goes towards\r\nhelping maintain St Davids Cathedral",
          "price":"55.00",
          "type":"Type: Mounted Print",
          "dimensions":"Print Dimensions: 17\" x 19\" (432mm x 482mm) Measurement includes 3\" (76mm) white mount",
          "image_url":null,
          "image":"MARTYRED_-_Detail_from_Stained_Glass_Window_in_the_Thomas_Becket_Chapel_0xFtNsl.jpg"
       }
    },
    {
       "model":"shop.product",
       "pk":52,
       "fields":{
          "sku":"lt2691310078",
          "category":4,
          "name":"Tower Lantern",
          "description":"10% from the sale of this image goes towards\r\nhelping maintain St Davids Cathedral",
          "price":"55.00",
          "type":"Type: Mounted Print",
          "dimensions":"Print Dimensions: 18\" x 18\" (457mm x 457mm) Measurement includes 3\" (76mm) white mount",
          "image_url":null,
          "image":"Tower_Lantern__2Evg6RI.jpg"
       }
    },
    {
       "model":"shop.product",
       "pk":53,
       "fields":{
          "sku":"lt3959920650",
          "category":4,
          "name":"Detail from window in Thomas Becket Chapel",
          "description":"10% from the sale of this image goes towards\r\nhelping maintain St Davids Cathedral",
          "price":"40.00",
          "type":"Type: Mounted Print",
          "dimensions":"Print Dimensions: 15.75\" x 18.75\" (400mm x 476mm) Measurement includes 3\" (76mm) white mount",
          "image_url":null,
          "image":"Detail_from_window_in_Thomas_Becket_Chapel_vojIhke.jpg"
       }
    },
    {
       "model":"shop.product",
       "pk":54,
       "fields":{
          "sku":"lt7646726880",
          "category":4,
          "name":"Basil Jones - Bishop of St Davids 1874-97",
          "description":"10% from the sale of this image goes towards\r\nhelping maintain St Davids Cathedral",
          "price":"55.00",
          "type":"Type: Mounted Print",
          "dimensions":"Print Dimensions: 13\" x 14.5\" (330mm x 368mm) Measurement includes 3\" (76mm) white mount",
          "image_url":null,
          "image":"Basil_Jones_-_Bishop_of_St_Davids_1874-97_sjdNyC1.jpg"
       }
    },
    {
       "model":"shop.product",
       "pk":55,
       "fields":{
          "sku":"lt9885769667",
          "category":4,
          "name":"Lily and Rose - Detail from Stained Glass Window",
          "description":"(East End, St Davids Cathedral). 10% from the sale of this image goes towards\r\nhelping maintain St Davids Cathedral",
          "price":"50.00",
          "type":"Type: Mounted Print",
          "dimensions":"Print Dimensions: 11.5\" x 16\" (292mm x 406mm) Measurement includes 3\" (76mm) white mount",
          "image_url":null,
          "image":"Lily_and_Rose_-_Detail_from_Stained_Glass_Window_East_End_St_Davids_Cathedral__Ok8zX7a.jpg"
       }
    },
    {
       "model":"shop.product",
       "pk":56,
       "fields":{
          "sku":"lt3550065368",
          "category":4,
          "name":"Stained Glass Window St Davids Cathedral (R)",
          "description":"10% from the sale of this image goes towards\r\nhelping maintain St Davids Cathedral",
          "price":"55.00",
          "type":"Type: Mounted Print",
          "dimensions":"Print Dimensions: 20\" x 19\" (508mm x 482mm) Measurement includes 3\" (76mm) white mount",
          "image_url":null,
          "image":"Stained_Glass_Window_St_Davids_Cathedral_R_9FbEaPx.jpg"
       }
    },
    {
       "model":"shop.product",
       "pk":57,
       "fields":{
          "sku":"lt9409448195",
          "category":4,
          "name":"Lion of St Mark - The Screen",
          "description":"10% from the sale of this image goes towards\r\nhelping maintain St Davids Cathedral",
          "price":"45.00",
          "type":"Type: Mounted Print",
          "dimensions":"Print Dimensions: 12.5\" x 14\" (317.5mm x 355.6mm) Measurement includes 3\" (76mm) white mount",
          "image_url":null,
          "image":"Lion_of_St_Mark_-_The_Screen__xoTAICb.jpg"
       }
    },
    {
       "model":"shop.product",
       "pk":58,
       "fields":{
          "sku":"lt4153201091",
          "category":4,
          "name":"Madonna and Child - Detail from the Lady Chapel Window",
          "description":"10% from the sale of this image goes towards\r\nhelping maintain St Davids Cathedral",
          "price":"65.00",
          "type":"Type: Mounted Print",
          "dimensions":"Print Dimensions: 12\" x 26\" (304mm x 660mm) Measurement includes 3\" (76mm) white mount",
          "image_url":null,
          "image":"Madonna_and_Child_-_Detail_from_the_Lady_Chapel_Window_PfDND3K.jpg"
       }
    },
    {
       "model":"shop.product",
       "pk":59,
       "fields":{
          "sku":"lt8467348427",
          "category":4,
          "name":"Grape and Vine Leaves - Detail from Stained Glass Window",
          "description":"(East End, St Davids Cathedral). 10% from the sale of this image goes towards\r\nhelping maintain St Davids Cathedral",
          "price":"55.00",
          "type":"Type: Mounted Print",
          "dimensions":"Print Dimensions: 18\" x 18\" (457mm x 457mm) Measurement includes 3\" (76mm) white mount",
          "image_url":null,
          "image":"Grape_and_Vine_Leaves_-_Detail_from_Stained_Glass_Window_East_End_St_Davids_Cathedral__GP6AsrC.jpg"
       }
    },
    {
       "model":"shop.product",
       "pk":60,
       "fields":{
          "sku":"lt6752712486",
          "category":4,
          "name":"Organ Pipes",
          "description":"10% from the sale of this image goes towards\r\nhelping maintain St Davids Cathedral",
          "price":"55.00",
          "type":"Type: Mounted Print",
          "dimensions":"Print Dimensions: 19\" x 20\" (482mm x 508mm) Measurement includes 3\" (76mm) white mount",
          "image_url":null,
          "image":"Organ_Pipes__t53kgHp.jpg"
       }
    },
    {
       "model":"shop.product",
       "pk":61,
       "fields":{
          "sku":"lt2173682078",
          "category":4,
          "name":"Male Stone Head - East End",
          "description":"10% from the sale of this image goes towards\r\nhelping maintain St Davids Cathedral",
          "price":"50.00",
          "type":"Type: Mounted Print",
          "dimensions":"Print Dimensions: 16\" x 15.5\" (406.4mm x 394mm) Measurement includes 3\" (76mm) white mount",
          "image_url":null,
          "image":"Male_Stone_Head_-_East_End_4brlWVb.jpg"
       }
    },
    {
       "model":"shop.product",
       "pk":62,
       "fields":{
          "sku":"lt5093553799",
          "category":4,
          "name":"The Lady Chapel Stained Glass Window",
          "description":"10% from the sale of this image goes towards\r\nhelping maintain St Davids Cathedral",
          "price":"50.00",
          "type":"Type: Mounted Print",
          "dimensions":"Print Dimensions: 16.5\" x 16.5\" (419.1mm x 419.1mm) Measurement includes 3\" (76mm) white mount",
          "image_url":null,
          "image":"The_Lady_Chapel_Stained_Glass_Window_EjyGdzJ.jpg"
       }
    },
    {
       "model":"shop.product",
       "pk":63,
       "fields":{
          "sku":"lt2783303379",
          "category":4,
          "name":"Detail - Stained Glass Window St Thomas Becket Chapel",
          "description":"10% from the sale of this image goes towards\r\nhelping maintain St Davids Cathedral",
          "price":"50.00",
          "type":"Type: Mounted Print",
          "dimensions":"Print Dimensions: 14\" x 15\" (355.6mm x 381mm) Measurement includes 3\" (76mm) white mount",
          "image_url":null,
          "image":"Detail_-_Stained_Glass_Window_St_Thomas_Becket_Chapel_OmAkLEj.jpg"
       }
    },
    {
       "model":"shop.product",
       "pk":64,
       "fields":{
          "sku":"lt7800519730",
          "category":4,
          "name":"Inner Arch of the Screen",
          "description":"10% from the sale of this image goes towards\r\nhelping maintain St Davids Cathedral",
          "price":"40.00",
          "type":"Type: Mounted Print",
          "dimensions":"Print Dimensions: 13.5\" x 10.75\" (342.9mm x 273.05mm) Measurement includes 3\" (76mm) white mount",
          "image_url":null,
          "image":"Inner_Arch_of_the_Screen_z85ptmp.jpg"
       }
    },
    {
       "model":"shop.product",
       "pk":65,
       "fields":{
          "sku":"lt6941262526",
          "category":4,
          "name":"Four Musicians from a window in the Lady Chapel",
          "description":"10% from the sale of this image goes towards helping maintain St Davids Cathedral\r\n\r\nIndividual images of each musician are available on request.",
          "price":"85.00",
          "type":"Type: Mounted Print",
          "dimensions":"Print Dimensions: 25.5\" x 12.75\" (648mm x 324mm) Measurement includes 3\" (76mm) white mount",
          "image_url":null,
          "image":"Four_Musicians_from_a_window_in_the_Lady_Chapel_79U8BeA.jpg"
       }
    },
    {
       "model":"checkout.order",
       "pk":3,
       "fields":{
          "order_number":"23F90D8E387E482D973E25AE80163B49",
          "user_profile":null,
          "full_name":"test",
          "email":"mrtea@protonmail.com",
          "phone_number":"123456789",
          "country":"AF",
          "postcode":"dadgzxcvcxv",
          "town_or_city":"dsfsadfdsaf",
          "street_address1":"fdsafasdfasd",
          "street_address2":"sdafasdf",
          "county":"asdfsadfsadf",
          "date":"2022-04-06T13:55:53.106Z",
          "delivery_cost":"17.00",
          "order_total":"85.00",
          "grand_total":"102.00",
          "original_cart":"{\"1\": 1}",
          "stripe_pid":"pi_3KlZKeHQSL2YtrmH1wJf9p5D"
       }
    },
    {
       "model":"checkout.order",
       "pk":4,
       "fields":{
          "order_number":"6D0745F1E42E4065912670B312D7B5F3",
          "user_profile":null,
          "full_name":"fdasfdsafasd",
          "email":"mrtea@protonmail.com",
          "phone_number":"123456789",
          "country":"AF",
          "postcode":"dadgzxcvcxv",
          "town_or_city":"dsfsadfdsaf",
          "street_address1":"fdsafasdfasd",
          "street_address2":"sdafasdf",
          "county":"asdfsadfsadf",
          "date":"2022-04-06T14:17:56.407Z",
          "delivery_cost":"17.00",
          "order_total":"85.00",
          "grand_total":"102.00",
          "original_cart":"{\"1\": 1}",
          "stripe_pid":"pi_3KlZfxHQSL2YtrmH1dZ4V8fq"
       }
    },
    {
       "model":"checkout.order",
       "pk":5,
       "fields":{
          "order_number":"D12CA53F304A47C5A78185CE9947D7D1",
          "user_profile":null,
          "full_name":"fdasfdsafasd",
          "email":"mrtea@protonmail.com",
          "phone_number":"123456789",
          "country":"AF",
          "postcode":"dadgzxcvcxv",
          "town_or_city":"dsfsadfdsaf",
          "street_address1":"fdsafasdfasd",
          "street_address2":"sdafasdf",
          "county":"asdfsadfsadf",
          "date":"2022-04-06T14:21:30.192Z",
          "delivery_cost":"17.00",
          "order_total":"85.00",
          "grand_total":"102.00",
          "original_cart":"{\"1\": 1}",
          "stripe_pid":"pi_3KlZjTHQSL2YtrmH022oKkT0"
       }
    },
    {
       "model":"checkout.order",
       "pk":6,
       "fields":{
          "order_number":"3A764275658C4B4AB82655745B474338",
          "user_profile":null,
          "full_name":"test",
          "email":"mrtea@protonmail.com",
          "phone_number":"123456789",
          "country":"AF",
          "postcode":"dadgzxcvcxv",
          "town_or_city":"dsfsadfdsaf",
          "street_address1":"fdsafasdfasd",
          "street_address2":"sdafasdf",
          "county":"asdfsadfsadf",
          "date":"2022-04-06T17:37:59.569Z",
          "delivery_cost":"17.00",
          "order_total":"85.00",
          "grand_total":"102.00",
          "original_cart":"{\"1\": 1}",
          "stripe_pid":"pi_3KlcngHQSL2YtrmH0jZzPAr3"
       }
    },
    {
       "model":"checkout.order",
       "pk":7,
       "fields":{
          "order_number":"121D9DA6FFDD42429CA0671D77DD9689",
          "user_profile":null,
          "full_name":"test",
          "email":"mrtea@protonmail.com",
          "phone_number":"123456789",
          "country":"AF",
          "postcode":"dadgzxcvcxv",
          "town_or_city":"dsfsadfdsaf",
          "street_address1":"fdsafasdfasd",
          "street_address2":"sdafasdf",
          "county":"asdfsadfsadf",
          "date":"2022-04-06T17:52:59.889Z",
          "delivery_cost":"17.00",
          "order_total":"85.00",
          "grand_total":"102.00",
          "original_cart":"{\"1\": 1}",
          "stripe_pid":"pi_3Kld2CHQSL2YtrmH0lC9Q9oJ"
       }
    },
    {
       "model":"checkout.order",
       "pk":8,
       "fields":{
          "order_number":"221AB94642A94AA1888BB162458C281E",
          "user_profile":null,
          "full_name":"test",
          "email":"mrtea@protonmail.com",
          "phone_number":"123456789",
          "country":"AO",
          "postcode":"dadgzxcvcxv",
          "town_or_city":"dsfsadfdsaf",
          "street_address1":"fdsafasdfasd",
          "street_address2":"sdafasdf",
          "county":"asdfsadfsadf",
          "date":"2022-04-06T17:54:42.434Z",
          "delivery_cost":"15.00",
          "order_total":"75.00",
          "grand_total":"90.00",
          "original_cart":"{\"4\": 1}",
          "stripe_pid":"pi_3Kld3LHQSL2YtrmH0KYIQb5u"
       }
    },
    {
       "model":"checkout.order",
       "pk":9,
       "fields":{
          "order_number":"42DF7DF5B14049828B54D705C3890A66",
          "user_profile":3,
          "full_name":"gfdsgsdfgfds",
          "email":"info@liamtate.com",
          "phone_number":"123456789",
          "country":"AM",
          "postcode":"cxz`cxz",
          "town_or_city":"dadgzxcvcxv",
          "street_address1":"123456789",
          "street_address2":null,
          "county":"c`xczxc",
          "date":"2022-04-06T18:19:08.996Z",
          "delivery_cost":"15.00",
          "order_total":"75.00",
          "grand_total":"90.00",
          "original_cart":"{\"4\": 1}",
          "stripe_pid":"pi_3KldR8HQSL2YtrmH1W49Wqi9"
       }
    },
    {
       "model":"checkout.order",
       "pk":10,
       "fields":{
          "order_number":"2EA3B1C249D5427CAC0FD4992A4ABDE3",
          "user_profile":3,
          "full_name":"Liam Tate",
          "email":"info@liamtate.com",
          "phone_number":"123456789",
          "country":"AM",
          "postcode":"cxz`cxz",
          "town_or_city":"dadgzxcvcxv",
          "street_address1":"123456789",
          "street_address2":"hgjhgjhgjhg",
          "county":"c`xczxc",
          "date":"2022-04-07T09:28:37.694Z",
          "delivery_cost":"17.00",
          "order_total":"85.00",
          "grand_total":"102.00",
          "original_cart":"{\"1\": 1}",
          "stripe_pid":"pi_3KlrdUHQSL2YtrmH1VEHCrmf"
       }
    },
    {
       "model":"checkout.order",
       "pk":11,
       "fields":{
          "order_number":"9E3D853493CB45958385E40EC93DE83A",
          "user_profile":3,
          "full_name":"liam",
          "email":"info@liamtate.com",
          "phone_number":"123456789",
          "country":"AM",
          "postcode":"cxz`cxz",
          "town_or_city":"dadgzxcvcxv",
          "street_address1":"123456789",
          "street_address2":"hgjhgjhgjhg",
          "county":"c`xczxc",
          "date":"2022-04-07T09:32:50.373Z",
          "delivery_cost":"17.00",
          "order_total":"85.00",
          "grand_total":"102.00",
          "original_cart":"{\"18\": 1}",
          "stripe_pid":"pi_3KlrgUHQSL2YtrmH0W3GhGYa"
       }
    },
    {
       "model":"checkout.order",
       "pk":12,
       "fields":{
          "order_number":"51D7FD7C86AA4026863D13359A8988E3",
          "user_profile":3,
          "full_name":"liam",
          "email":"info@liamtate.com",
          "phone_number":"07815717602",
          "country":"GB",
          "postcode":"sa62 5as",
          "town_or_city":"haverfordwest",
          "street_address1":"ysgubor fach",
          "street_address2":"trefin",
          "county":"pembs",
          "date":"2022-04-07T14:37:56.942Z",
          "delivery_cost":"16.00",
          "order_total":"80.00",
          "grand_total":"96.00",
          "original_cart":"{\"5\": 1}",
          "stripe_pid":"pi_3KlwStHQSL2YtrmH1ayY7QO0"
       }
    },
    {
       "model":"checkout.order",
       "pk":13,
       "fields":{
          "order_number":"3527B51A34AB4B0C880F551CAEF7F217",
          "user_profile":null,
          "full_name":"fdasfdsafasd",
          "email":"ilovespam@liamtate.com",
          "phone_number":"123456789",
          "country":"AW",
          "postcode":"safsafsdaf",
          "town_or_city":"vcvcxzvzxcvzxcv",
          "street_address1":"vcxvzxcvzcxvzcxv",
          "street_address2":"hgjhgjhgjhg",
          "county":"c`xczxc",
          "date":"2022-04-07T14:57:29.105Z",
          "delivery_cost":"16.00",
          "order_total":"80.00",
          "grand_total":"96.00",
          "original_cart":"{\"5\": 1}",
          "stripe_pid":"pi_3Klwl7HQSL2YtrmH1uHGJmBQ"
       }
    },
    {
       "model":"checkout.order",
       "pk":14,
       "fields":{
          "order_number":"873D7542D897450FA4864884DB4C4690",
          "user_profile":2,
          "full_name":"poop bum",
          "email":"mrtea@protonmail.com",
          "phone_number":"76r87q678r6ew87r6e8w",
          "country":"BH",
          "postcode":"767676767",
          "town_or_city":"676767",
          "street_address1":"7676767676",
          "street_address2":"7676767",
          "county":"6767676",
          "date":"2022-04-07T15:04:31.427Z",
          "delivery_cost":"15.00",
          "order_total":"75.00",
          "grand_total":"90.00",
          "original_cart":"{\"4\": 1}",
          "stripe_pid":"pi_3KlwsaHQSL2YtrmH1iBSawze"
       }
    },
    {
       "model":"checkout.order",
       "pk":15,
       "fields":{
          "order_number":"2EFE1F5DDA784A97B1236BA8D72B6567",
          "user_profile":2,
          "full_name":"poop bum",
          "email":"info@liamtate.co.uk",
          "phone_number":"76r87q678r6ew87r6e8w",
          "country":"BH",
          "postcode":"767676767",
          "town_or_city":"676767",
          "street_address1":"7676767676",
          "street_address2":"7676767",
          "county":"6767676",
          "date":"2022-04-07T15:30:13.187Z",
          "delivery_cost":"10.00",
          "order_total":"50.00",
          "grand_total":"60.00",
          "original_cart":"{\"3\": 1}",
          "stripe_pid":"pi_3KlxHPHQSL2YtrmH0VTK6DC3"
       }
    },
    {
       "model":"checkout.order",
       "pk":16,
       "fields":{
          "order_number":"20D95DB5CC2D4F4B8A90F207EB396961",
          "user_profile":2,
          "full_name":"poop bum",
          "email":"info@liamtate.com",
          "phone_number":"76r87q678r6ew87r6e8w",
          "country":"BH",
          "postcode":"767676767",
          "town_or_city":"676767",
          "street_address1":"7676767676",
          "street_address2":"7676767",
          "county":"6767676",
          "date":"2022-04-07T15:32:19.645Z",
          "delivery_cost":"17.00",
          "order_total":"85.00",
          "grand_total":"102.00",
          "original_cart":"{\"1\": 1}",
          "stripe_pid":"pi_3KlxJUHQSL2YtrmH1fNaja0h"
       }
    },
    {
       "model":"checkout.order",
       "pk":17,
       "fields":{
          "order_number":"F5330819623445948C4AA8C60732D17E",
          "user_profile":3,
          "full_name":"kgdflsdklgds",
          "email":"info@liamtate.com",
          "phone_number":"07815717602",
          "country":"GB",
          "postcode":"sa62 5as",
          "town_or_city":"haverfordwest",
          "street_address1":"ysgubor fach",
          "street_address2":"trefin",
          "county":"pembs",
          "date":"2022-04-08T10:10:43.061Z",
          "delivery_cost":"0.00",
          "order_total":"585.00",
          "grand_total":"585.00",
          "original_cart":"{\"1\": 3, \"2\": 3, \"25\": 1, \"4\": 1}",
          "stripe_pid":"pi_3KmEltHQSL2YtrmH0Dv4mYEo"
       }
    },
    {
       "model":"checkout.order",
       "pk":18,
       "fields":{
          "order_number":"5C22C677A8FC47C49C3278CAEEEFD983",
          "user_profile":3,
          "full_name":"rubbish",
          "email":"info@liamtate.com",
          "phone_number":"07815717602",
          "country":"GB",
          "postcode":"sa62 5as",
          "town_or_city":"haverfordwest",
          "street_address1":"ysgubor fach",
          "street_address2":"trefin",
          "county":"pembs",
          "date":"2022-04-08T10:24:58.508Z",
          "delivery_cost":"17.00",
          "order_total":"85.00",
          "grand_total":"102.00",
          "original_cart":"{\"1\": 1, \"67\": 1}",
          "stripe_pid":"pi_3KmEzcHQSL2YtrmH1YloMBNe"
       }
    },
    {
       "model":"checkout.orderlineitem",
       "pk":2,
       "fields":{
          "order":3,
          "product":1,
          "quantity":1,
          "lineitem_total":"85.00"
       }
    },
    {
       "model":"checkout.orderlineitem",
       "pk":3,
       "fields":{
          "order":4,
          "product":1,
          "quantity":1,
          "lineitem_total":"85.00"
       }
    },
    {
       "model":"checkout.orderlineitem",
       "pk":4,
       "fields":{
          "order":5,
          "product":1,
          "quantity":1,
          "lineitem_total":"85.00"
       }
    },
    {
       "model":"checkout.orderlineitem",
       "pk":5,
       "fields":{
          "order":6,
          "product":1,
          "quantity":1,
          "lineitem_total":"85.00"
       }
    },
    {
       "model":"checkout.orderlineitem",
       "pk":6,
       "fields":{
          "order":7,
          "product":1,
          "quantity":1,
          "lineitem_total":"85.00"
       }
    },
    {
       "model":"checkout.orderlineitem",
       "pk":7,
       "fields":{
          "order":8,
          "product":4,
          "quantity":1,
          "lineitem_total":"75.00"
       }
    },
    {
       "model":"checkout.orderlineitem",
       "pk":8,
       "fields":{
          "order":9,
          "product":4,
          "quantity":1,
          "lineitem_total":"75.00"
       }
    },
    {
       "model":"checkout.orderlineitem",
       "pk":9,
       "fields":{
          "order":10,
          "product":1,
          "quantity":1,
          "lineitem_total":"85.00"
       }
    },
    {
       "model":"checkout.orderlineitem",
       "pk":10,
       "fields":{
          "order":11,
          "product":18,
          "quantity":1,
          "lineitem_total":"85.00"
       }
    },
    {
       "model":"checkout.orderlineitem",
       "pk":11,
       "fields":{
          "order":12,
          "product":5,
          "quantity":1,
          "lineitem_total":"80.00"
       }
    },
    {
       "model":"checkout.orderlineitem",
       "pk":12,
       "fields":{
          "order":13,
          "product":5,
          "quantity":1,
          "lineitem_total":"80.00"
       }
    },
    {
       "model":"checkout.orderlineitem",
       "pk":13,
       "fields":{
          "order":14,
          "product":4,
          "quantity":1,
          "lineitem_total":"75.00"
       }
    },
    {
       "model":"checkout.orderlineitem",
       "pk":14,
       "fields":{
          "order":15,
          "product":3,
          "quantity":1,
          "lineitem_total":"50.00"
       }
    },
    {
       "model":"checkout.orderlineitem",
       "pk":15,
       "fields":{
          "order":16,
          "product":1,
          "quantity":1,
          "lineitem_total":"85.00"
       }
    },
    {
       "model":"checkout.orderlineitem",
       "pk":16,
       "fields":{
          "order":17,
          "product":1,
          "quantity":3,
          "lineitem_total":"255.00"
       }
    },
    {
       "model":"checkout.orderlineitem",
       "pk":17,
       "fields":{
          "order":17,
          "product":2,
          "quantity":3,
          "lineitem_total":"195.00"
       }
    },
    {
       "model":"checkout.orderlineitem",
       "pk":18,
       "fields":{
          "order":17,
          "product":25,
          "quantity":1,
          "lineitem_total":"60.00"
       }
    },
    {
       "model":"checkout.orderlineitem",
       "pk":19,
       "fields":{
          "order":17,
          "product":4,
          "quantity":1,
          "lineitem_total":"75.00"
       }
    },
    {
       "model":"checkout.orderlineitem",
       "pk":20,
       "fields":{
          "order":18,
          "product":1,
          "quantity":1,
          "lineitem_total":"85.00"
       }
    },
    {
       "model":"profiles.userprofile",
       "pk":1,
       "fields":{
          "user":3,
          "default_phone_number":null,
          "default_street_address1":null,
          "default_street_address2":null,
          "default_town_or_city":null,
          "default_county":null,
          "default_postcode":null,
          "default_country":null
       }
    },
    {
       "model":"profiles.userprofile",
       "pk":2,
       "fields":{
          "user":4,
          "default_phone_number":"76r87q678r6ew87r6e8w",
          "default_street_address1":"7676767676",
          "default_street_address2":"7676767",
          "default_town_or_city":"676767",
          "default_county":"6767676",
          "default_postcode":"767676767",
          "default_country":"BH"
       }
    },
    {
       "model":"profiles.userprofile",
       "pk":3,
       "fields":{
          "user":6,
          "default_phone_number":"07815717602",
          "default_street_address1":"ysgubor fach",
          "default_street_address2":"trefin",
          "default_town_or_city":"haverfordwest",
          "default_county":"pembs",
          "default_postcode":"sa62 5as",
          "default_country":"GB"
       }
    },
    {
       "model":"profiles.userprofile",
       "pk":4,
       "fields":{
          "user":7,
          "default_phone_number":null,
          "default_street_address1":null,
          "default_street_address2":null,
          "default_town_or_city":null,
          "default_county":null,
          "default_postcode":null,
          "default_country":null
       }
    }
 ]